id,kode_provinsi,nama_provinsi,kode_kabupaten_kota,nama_kabupaten_kota,kategori_nakes_puskesmas,jenis_kelamin,jumlah_nakes,satuan,tahun
1,32,JAWA BARAT,3201,KABUPATEN BOGOR,DOKTER GIGI,LAKI-LAKI,5,ORANG,2018
2,32,JAWA BARAT,3201,KABUPATEN BOGOR,DOKTER GIGI,PEREMPUAN,56,ORANG,2018
3,32,JAWA BARAT,3201,KABUPATEN BOGOR,DOKTER GIGI SPESIALIS,LAKI-LAKI,0,ORANG,2018
4,32,JAWA BARAT,3201,KABUPATEN BOGOR,DOKTER GIGI SPESIALIS,PEREMPUAN,0,ORANG,2018
5,32,JAWA BARAT,3201,KABUPATEN BOGOR,DOKTER SPESIALIS,LAKI-LAKI,0,ORANG,2018
6,32,JAWA BARAT,3201,KABUPATEN BOGOR,DOKTER SPESIALIS,PEREMPUAN,0,ORANG,2018
7,32,JAWA BARAT,3201,KABUPATEN BOGOR,DOKTER UMUM,LAKI-LAKI,71,ORANG,2018
8,32,JAWA BARAT,3201,KABUPATEN BOGOR,DOKTER UMUM,PEREMPUAN,136,ORANG,2018
9,32,JAWA BARAT,3202,KABUPATEN SUKABUMI,DOKTER GIGI,LAKI-LAKI,8,ORANG,2018
10,32,JAWA BARAT,3202,KABUPATEN SUKABUMI,DOKTER GIGI,PEREMPUAN,13,ORANG,2018
11,32,JAWA BARAT,3202,KABUPATEN SUKABUMI,DOKTER GIGI SPESIALIS,LAKI-LAKI,0,ORANG,2018
12,32,JAWA BARAT,3202,KABUPATEN SUKABUMI,DOKTER GIGI SPESIALIS,PEREMPUAN,0,ORANG,2018
13,32,JAWA BARAT,3202,KABUPATEN SUKABUMI,DOKTER SPESIALIS,LAKI-LAKI,0,ORANG,2018
14,32,JAWA BARAT,3202,KABUPATEN SUKABUMI,DOKTER SPESIALIS,PEREMPUAN,0,ORANG,2018
15,32,JAWA BARAT,3202,KABUPATEN SUKABUMI,DOKTER UMUM,LAKI-LAKI,39,ORANG,2018
16,32,JAWA BARAT,3202,KABUPATEN SUKABUMI,DOKTER UMUM,PEREMPUAN,53,ORANG,2018
17,32,JAWA BARAT,3203,KABUPATEN CIANJUR,DOKTER GIGI,LAKI-LAKI,5,ORANG,2018
18,32,JAWA BARAT,3203,KABUPATEN CIANJUR,DOKTER GIGI,PEREMPUAN,27,ORANG,2018
19,32,JAWA BARAT,3203,KABUPATEN CIANJUR,DOKTER GIGI SPESIALIS,LAKI-LAKI,0,ORANG,2018
20,32,JAWA BARAT,3203,KABUPATEN CIANJUR,DOKTER GIGI SPESIALIS,PEREMPUAN,0,ORANG,2018
21,32,JAWA BARAT,3203,KABUPATEN CIANJUR,DOKTER SPESIALIS,LAKI-LAKI,0,ORANG,2018
22,32,JAWA BARAT,3203,KABUPATEN CIANJUR,DOKTER SPESIALIS,PEREMPUAN,0,ORANG,2018
23,32,JAWA BARAT,3203,KABUPATEN CIANJUR,DOKTER UMUM,LAKI-LAKI,35,ORANG,2018
24,32,JAWA BARAT,3203,KABUPATEN CIANJUR,DOKTER UMUM,PEREMPUAN,47,ORANG,2018
25,32,JAWA BARAT,3204,KABUPATEN BANDUNG,DOKTER GIGI,LAKI-LAKI,13,ORANG,2018
26,32,JAWA BARAT,3204,KABUPATEN BANDUNG,DOKTER GIGI,PEREMPUAN,61,ORANG,2018
27,32,JAWA BARAT,3204,KABUPATEN BANDUNG,DOKTER GIGI SPESIALIS,LAKI-LAKI,0,ORANG,2018
28,32,JAWA BARAT,3204,KABUPATEN BANDUNG,DOKTER GIGI SPESIALIS,PEREMPUAN,0,ORANG,2018
29,32,JAWA BARAT,3204,KABUPATEN BANDUNG,DOKTER SPESIALIS,LAKI-LAKI,0,ORANG,2018
30,32,JAWA BARAT,3204,KABUPATEN BANDUNG,DOKTER SPESIALIS,PEREMPUAN,0,ORANG,2018
31,32,JAWA BARAT,3204,KABUPATEN BANDUNG,DOKTER UMUM,LAKI-LAKI,48,ORANG,2018
32,32,JAWA BARAT,3204,KABUPATEN BANDUNG,DOKTER UMUM,PEREMPUAN,111,ORANG,2018
33,32,JAWA BARAT,3205,KABUPATEN GARUT,DOKTER GIGI,LAKI-LAKI,8,ORANG,2018
34,32,JAWA BARAT,3205,KABUPATEN GARUT,DOKTER GIGI,PEREMPUAN,19,ORANG,2018
35,32,JAWA BARAT,3205,KABUPATEN GARUT,DOKTER GIGI SPESIALIS,LAKI-LAKI,0,ORANG,2018
36,32,JAWA BARAT,3205,KABUPATEN GARUT,DOKTER GIGI SPESIALIS,PEREMPUAN,0,ORANG,2018
37,32,JAWA BARAT,3205,KABUPATEN GARUT,DOKTER SPESIALIS,LAKI-LAKI,0,ORANG,2018
38,32,JAWA BARAT,3205,KABUPATEN GARUT,DOKTER SPESIALIS,PEREMPUAN,0,ORANG,2018
39,32,JAWA BARAT,3205,KABUPATEN GARUT,DOKTER UMUM,LAKI-LAKI,47,ORANG,2018
40,32,JAWA BARAT,3205,KABUPATEN GARUT,DOKTER UMUM,PEREMPUAN,74,ORANG,2018
41,32,JAWA BARAT,3206,KABUPATEN TASIKMALAYA,DOKTER GIGI,LAKI-LAKI,7,ORANG,2018
42,32,JAWA BARAT,3206,KABUPATEN TASIKMALAYA,DOKTER GIGI,PEREMPUAN,16,ORANG,2018
43,32,JAWA BARAT,3206,KABUPATEN TASIKMALAYA,DOKTER GIGI SPESIALIS,LAKI-LAKI,0,ORANG,2018
44,32,JAWA BARAT,3206,KABUPATEN TASIKMALAYA,DOKTER GIGI SPESIALIS,PEREMPUAN,0,ORANG,2018
45,32,JAWA BARAT,3206,KABUPATEN TASIKMALAYA,DOKTER SPESIALIS,LAKI-LAKI,0,ORANG,2018
46,32,JAWA BARAT,3206,KABUPATEN TASIKMALAYA,DOKTER SPESIALIS,PEREMPUAN,0,ORANG,2018
47,32,JAWA BARAT,3206,KABUPATEN TASIKMALAYA,DOKTER UMUM,LAKI-LAKI,36,ORANG,2018
48,32,JAWA BARAT,3206,KABUPATEN TASIKMALAYA,DOKTER UMUM,PEREMPUAN,46,ORANG,2018
49,32,JAWA BARAT,3207,KABUPATEN CIAMIS,DOKTER GIGI,LAKI-LAKI,4,ORANG,2018
50,32,JAWA BARAT,3207,KABUPATEN CIAMIS,DOKTER GIGI,PEREMPUAN,12,ORANG,2018
51,32,JAWA BARAT,3207,KABUPATEN CIAMIS,DOKTER GIGI SPESIALIS,LAKI-LAKI,0,ORANG,2018
52,32,JAWA BARAT,3207,KABUPATEN CIAMIS,DOKTER GIGI SPESIALIS,PEREMPUAN,0,ORANG,2018
53,32,JAWA BARAT,3207,KABUPATEN CIAMIS,DOKTER SPESIALIS,LAKI-LAKI,0,ORANG,2018
54,32,JAWA BARAT,3207,KABUPATEN CIAMIS,DOKTER SPESIALIS,PEREMPUAN,0,ORANG,2018
55,32,JAWA BARAT,3207,KABUPATEN CIAMIS,DOKTER UMUM,LAKI-LAKI,26,ORANG,2018
56,32,JAWA BARAT,3207,KABUPATEN CIAMIS,DOKTER UMUM,PEREMPUAN,41,ORANG,2018
57,32,JAWA BARAT,3208,KABUPATEN KUNINGAN,DOKTER GIGI,LAKI-LAKI,5,ORANG,2018
58,32,JAWA BARAT,3208,KABUPATEN KUNINGAN,DOKTER GIGI,PEREMPUAN,10,ORANG,2018
59,32,JAWA BARAT,3208,KABUPATEN KUNINGAN,DOKTER GIGI SPESIALIS,LAKI-LAKI,0,ORANG,2018
60,32,JAWA BARAT,3208,KABUPATEN KUNINGAN,DOKTER GIGI SPESIALIS,PEREMPUAN,0,ORANG,2018
61,32,JAWA BARAT,3208,KABUPATEN KUNINGAN,DOKTER SPESIALIS,LAKI-LAKI,0,ORANG,2018
62,32,JAWA BARAT,3208,KABUPATEN KUNINGAN,DOKTER SPESIALIS,PEREMPUAN,0,ORANG,2018
63,32,JAWA BARAT,3208,KABUPATEN KUNINGAN,DOKTER UMUM,LAKI-LAKI,29,ORANG,2018
64,32,JAWA BARAT,3208,KABUPATEN KUNINGAN,DOKTER UMUM,PEREMPUAN,34,ORANG,2018
65,32,JAWA BARAT,3209,KABUPATEN CIREBON,DOKTER GIGI,LAKI-LAKI,9,ORANG,2018
66,32,JAWA BARAT,3209,KABUPATEN CIREBON,DOKTER GIGI,PEREMPUAN,27,ORANG,2018
67,32,JAWA BARAT,3209,KABUPATEN CIREBON,DOKTER GIGI SPESIALIS,LAKI-LAKI,0,ORANG,2018
68,32,JAWA BARAT,3209,KABUPATEN CIREBON,DOKTER GIGI SPESIALIS,PEREMPUAN,0,ORANG,2018
69,32,JAWA BARAT,3209,KABUPATEN CIREBON,DOKTER SPESIALIS,LAKI-LAKI,0,ORANG,2018
70,32,JAWA BARAT,3209,KABUPATEN CIREBON,DOKTER SPESIALIS,PEREMPUAN,0,ORANG,2018
71,32,JAWA BARAT,3209,KABUPATEN CIREBON,DOKTER UMUM,LAKI-LAKI,34,ORANG,2018
72,32,JAWA BARAT,3209,KABUPATEN CIREBON,DOKTER UMUM,PEREMPUAN,67,ORANG,2018
73,32,JAWA BARAT,3210,KABUPATEN MAJALENGKA,DOKTER GIGI,LAKI-LAKI,4,ORANG,2018
74,32,JAWA BARAT,3210,KABUPATEN MAJALENGKA,DOKTER GIGI,PEREMPUAN,14,ORANG,2018
75,32,JAWA BARAT,3210,KABUPATEN MAJALENGKA,DOKTER GIGI SPESIALIS,LAKI-LAKI,0,ORANG,2018
76,32,JAWA BARAT,3210,KABUPATEN MAJALENGKA,DOKTER GIGI SPESIALIS,PEREMPUAN,0,ORANG,2018
77,32,JAWA BARAT,3210,KABUPATEN MAJALENGKA,DOKTER SPESIALIS,LAKI-LAKI,0,ORANG,2018
78,32,JAWA BARAT,3210,KABUPATEN MAJALENGKA,DOKTER SPESIALIS,PEREMPUAN,0,ORANG,2018
79,32,JAWA BARAT,3210,KABUPATEN MAJALENGKA,DOKTER UMUM,LAKI-LAKI,33,ORANG,2018
80,32,JAWA BARAT,3210,KABUPATEN MAJALENGKA,DOKTER UMUM,PEREMPUAN,37,ORANG,2018
81,32,JAWA BARAT,3211,KABUPATEN SUMEDANG,DOKTER GIGI,LAKI-LAKI,4,ORANG,2018
82,32,JAWA BARAT,3211,KABUPATEN SUMEDANG,DOKTER GIGI,PEREMPUAN,9,ORANG,2018
83,32,JAWA BARAT,3211,KABUPATEN SUMEDANG,DOKTER GIGI SPESIALIS,LAKI-LAKI,0,ORANG,2018
84,32,JAWA BARAT,3211,KABUPATEN SUMEDANG,DOKTER GIGI SPESIALIS,PEREMPUAN,0,ORANG,2018
85,32,JAWA BARAT,3211,KABUPATEN SUMEDANG,DOKTER SPESIALIS,LAKI-LAKI,0,ORANG,2018
86,32,JAWA BARAT,3211,KABUPATEN SUMEDANG,DOKTER SPESIALIS,PEREMPUAN,0,ORANG,2018
87,32,JAWA BARAT,3211,KABUPATEN SUMEDANG,DOKTER UMUM,LAKI-LAKI,16,ORANG,2018
88,32,JAWA BARAT,3211,KABUPATEN SUMEDANG,DOKTER UMUM,PEREMPUAN,33,ORANG,2018
89,32,JAWA BARAT,3212,KABUPATEN INDRAMAYU,DOKTER GIGI,LAKI-LAKI,4,ORANG,2018
90,32,JAWA BARAT,3212,KABUPATEN INDRAMAYU,DOKTER GIGI,PEREMPUAN,19,ORANG,2018
91,32,JAWA BARAT,3212,KABUPATEN INDRAMAYU,DOKTER GIGI SPESIALIS,LAKI-LAKI,0,ORANG,2018
92,32,JAWA BARAT,3212,KABUPATEN INDRAMAYU,DOKTER GIGI SPESIALIS,PEREMPUAN,0,ORANG,2018
93,32,JAWA BARAT,3212,KABUPATEN INDRAMAYU,DOKTER SPESIALIS,LAKI-LAKI,0,ORANG,2018
94,32,JAWA BARAT,3212,KABUPATEN INDRAMAYU,DOKTER SPESIALIS,PEREMPUAN,0,ORANG,2018
95,32,JAWA BARAT,3212,KABUPATEN INDRAMAYU,DOKTER UMUM,LAKI-LAKI,36,ORANG,2018
96,32,JAWA BARAT,3212,KABUPATEN INDRAMAYU,DOKTER UMUM,PEREMPUAN,41,ORANG,2018
97,32,JAWA BARAT,3213,KABUPATEN SUBANG,DOKTER GIGI,LAKI-LAKI,1,ORANG,2018
98,32,JAWA BARAT,3213,KABUPATEN SUBANG,DOKTER GIGI,PEREMPUAN,18,ORANG,2018
99,32,JAWA BARAT,3213,KABUPATEN SUBANG,DOKTER GIGI SPESIALIS,LAKI-LAKI,0,ORANG,2018
100,32,JAWA BARAT,3213,KABUPATEN SUBANG,DOKTER GIGI SPESIALIS,PEREMPUAN,0,ORANG,2018
101,32,JAWA BARAT,3213,KABUPATEN SUBANG,DOKTER SPESIALIS,LAKI-LAKI,0,ORANG,2018
102,32,JAWA BARAT,3213,KABUPATEN SUBANG,DOKTER SPESIALIS,PEREMPUAN,0,ORANG,2018
103,32,JAWA BARAT,3213,KABUPATEN SUBANG,DOKTER UMUM,LAKI-LAKI,39,ORANG,2018
104,32,JAWA BARAT,3213,KABUPATEN SUBANG,DOKTER UMUM,PEREMPUAN,38,ORANG,2018
105,32,JAWA BARAT,3214,KABUPATEN PURWAKARTA,DOKTER GIGI,LAKI-LAKI,4,ORANG,2018
106,32,JAWA BARAT,3214,KABUPATEN PURWAKARTA,DOKTER GIGI,PEREMPUAN,15,ORANG,2018
107,32,JAWA BARAT,3214,KABUPATEN PURWAKARTA,DOKTER GIGI SPESIALIS,LAKI-LAKI,0,ORANG,2018
108,32,JAWA BARAT,3214,KABUPATEN PURWAKARTA,DOKTER GIGI SPESIALIS,PEREMPUAN,0,ORANG,2018
109,32,JAWA BARAT,3214,KABUPATEN PURWAKARTA,DOKTER SPESIALIS,LAKI-LAKI,0,ORANG,2018
110,32,JAWA BARAT,3214,KABUPATEN PURWAKARTA,DOKTER SPESIALIS,PEREMPUAN,0,ORANG,2018
111,32,JAWA BARAT,3214,KABUPATEN PURWAKARTA,DOKTER UMUM,LAKI-LAKI,13,ORANG,2018
112,32,JAWA BARAT,3214,KABUPATEN PURWAKARTA,DOKTER UMUM,PEREMPUAN,31,ORANG,2018
113,32,JAWA BARAT,3215,KABUPATEN KARAWANG,DOKTER GIGI,LAKI-LAKI,7,ORANG,2018
114,32,JAWA BARAT,3215,KABUPATEN KARAWANG,DOKTER GIGI,PEREMPUAN,26,ORANG,2018
115,32,JAWA BARAT,3215,KABUPATEN KARAWANG,DOKTER GIGI SPESIALIS,LAKI-LAKI,0,ORANG,2018
116,32,JAWA BARAT,3215,KABUPATEN KARAWANG,DOKTER GIGI SPESIALIS,PEREMPUAN,0,ORANG,2018
117,32,JAWA BARAT,3215,KABUPATEN KARAWANG,DOKTER SPESIALIS,LAKI-LAKI,0,ORANG,2018
118,32,JAWA BARAT,3215,KABUPATEN KARAWANG,DOKTER SPESIALIS,PEREMPUAN,0,ORANG,2018
119,32,JAWA BARAT,3215,KABUPATEN KARAWANG,DOKTER UMUM,LAKI-LAKI,44,ORANG,2018
120,32,JAWA BARAT,3215,KABUPATEN KARAWANG,DOKTER UMUM,PEREMPUAN,67,ORANG,2018
121,32,JAWA BARAT,3216,KABUPATEN BEKASI,DOKTER GIGI,LAKI-LAKI,4,ORANG,2018
122,32,JAWA BARAT,3216,KABUPATEN BEKASI,DOKTER GIGI,PEREMPUAN,39,ORANG,2018
123,32,JAWA BARAT,3216,KABUPATEN BEKASI,DOKTER GIGI SPESIALIS,LAKI-LAKI,0,ORANG,2018
124,32,JAWA BARAT,3216,KABUPATEN BEKASI,DOKTER GIGI SPESIALIS,PEREMPUAN,0,ORANG,2018
125,32,JAWA BARAT,3216,KABUPATEN BEKASI,DOKTER SPESIALIS,LAKI-LAKI,0,ORANG,2018
126,32,JAWA BARAT,3216,KABUPATEN BEKASI,DOKTER SPESIALIS,PEREMPUAN,0,ORANG,2018
127,32,JAWA BARAT,3216,KABUPATEN BEKASI,DOKTER UMUM,LAKI-LAKI,29,ORANG,2018
128,32,JAWA BARAT,3216,KABUPATEN BEKASI,DOKTER UMUM,PEREMPUAN,75,ORANG,2018
129,32,JAWA BARAT,3217,KABUPATEN BANDUNG BARAT,DOKTER GIGI,LAKI-LAKI,6,ORANG,2018
130,32,JAWA BARAT,3217,KABUPATEN BANDUNG BARAT,DOKTER GIGI,PEREMPUAN,25,ORANG,2018
131,32,JAWA BARAT,3217,KABUPATEN BANDUNG BARAT,DOKTER GIGI SPESIALIS,LAKI-LAKI,0,ORANG,2018
132,32,JAWA BARAT,3217,KABUPATEN BANDUNG BARAT,DOKTER GIGI SPESIALIS,PEREMPUAN,0,ORANG,2018
133,32,JAWA BARAT,3217,KABUPATEN BANDUNG BARAT,DOKTER SPESIALIS,LAKI-LAKI,0,ORANG,2018
134,32,JAWA BARAT,3217,KABUPATEN BANDUNG BARAT,DOKTER SPESIALIS,PEREMPUAN,0,ORANG,2018
135,32,JAWA BARAT,3217,KABUPATEN BANDUNG BARAT,DOKTER UMUM,LAKI-LAKI,29,ORANG,2018
136,32,JAWA BARAT,3217,KABUPATEN BANDUNG BARAT,DOKTER UMUM,PEREMPUAN,51,ORANG,2018
137,32,JAWA BARAT,3218,KABUPATEN PANGANDARAN,DOKTER GIGI,LAKI-LAKI,3,ORANG,2018
138,32,JAWA BARAT,3218,KABUPATEN PANGANDARAN,DOKTER GIGI,PEREMPUAN,6,ORANG,2018
139,32,JAWA BARAT,3218,KABUPATEN PANGANDARAN,DOKTER GIGI SPESIALIS,LAKI-LAKI,0,ORANG,2018
140,32,JAWA BARAT,3218,KABUPATEN PANGANDARAN,DOKTER GIGI SPESIALIS,PEREMPUAN,0,ORANG,2018
141,32,JAWA BARAT,3218,KABUPATEN PANGANDARAN,DOKTER SPESIALIS,LAKI-LAKI,0,ORANG,2018
142,32,JAWA BARAT,3218,KABUPATEN PANGANDARAN,DOKTER SPESIALIS,PEREMPUAN,0,ORANG,2018
143,32,JAWA BARAT,3218,KABUPATEN PANGANDARAN,DOKTER UMUM,LAKI-LAKI,17,ORANG,2018
144,32,JAWA BARAT,3218,KABUPATEN PANGANDARAN,DOKTER UMUM,PEREMPUAN,19,ORANG,2018
145,32,JAWA BARAT,3271,KOTA BOGOR,DOKTER GIGI,LAKI-LAKI,2,ORANG,2018
146,32,JAWA BARAT,3271,KOTA BOGOR,DOKTER GIGI,PEREMPUAN,41,ORANG,2018
147,32,JAWA BARAT,3271,KOTA BOGOR,DOKTER GIGI SPESIALIS,LAKI-LAKI,0,ORANG,2018
148,32,JAWA BARAT,3271,KOTA BOGOR,DOKTER GIGI SPESIALIS,PEREMPUAN,0,ORANG,2018
149,32,JAWA BARAT,3271,KOTA BOGOR,DOKTER SPESIALIS,LAKI-LAKI,0,ORANG,2018
150,32,JAWA BARAT,3271,KOTA BOGOR,DOKTER SPESIALIS,PEREMPUAN,0,ORANG,2018
151,32,JAWA BARAT,3271,KOTA BOGOR,DOKTER UMUM,LAKI-LAKI,12,ORANG,2018
152,32,JAWA BARAT,3271,KOTA BOGOR,DOKTER UMUM,PEREMPUAN,81,ORANG,2018
153,32,JAWA BARAT,3272,KOTA SUKABUMI,DOKTER GIGI,LAKI-LAKI,4,ORANG,2018
154,32,JAWA BARAT,3272,KOTA SUKABUMI,DOKTER GIGI,PEREMPUAN,5,ORANG,2018
155,32,JAWA BARAT,3272,KOTA SUKABUMI,DOKTER GIGI SPESIALIS,LAKI-LAKI,0,ORANG,2018
156,32,JAWA BARAT,3272,KOTA SUKABUMI,DOKTER GIGI SPESIALIS,PEREMPUAN,0,ORANG,2018
157,32,JAWA BARAT,3272,KOTA SUKABUMI,DOKTER SPESIALIS,LAKI-LAKI,0,ORANG,2018
158,32,JAWA BARAT,3272,KOTA SUKABUMI,DOKTER SPESIALIS,PEREMPUAN,0,ORANG,2018
159,32,JAWA BARAT,3272,KOTA SUKABUMI,DOKTER UMUM,LAKI-LAKI,11,ORANG,2018
160,32,JAWA BARAT,3272,KOTA SUKABUMI,DOKTER UMUM,PEREMPUAN,23,ORANG,2018
161,32,JAWA BARAT,3273,KOTA BANDUNG,DOKTER GIGI,LAKI-LAKI,13,ORANG,2018
162,32,JAWA BARAT,3273,KOTA BANDUNG,DOKTER GIGI,PEREMPUAN,94,ORANG,2018
163,32,JAWA BARAT,3273,KOTA BANDUNG,DOKTER GIGI SPESIALIS,LAKI-LAKI,0,ORANG,2018
164,32,JAWA BARAT,3273,KOTA BANDUNG,DOKTER GIGI SPESIALIS,PEREMPUAN,0,ORANG,2018
165,32,JAWA BARAT,3273,KOTA BANDUNG,DOKTER SPESIALIS,LAKI-LAKI,0,ORANG,2018
166,32,JAWA BARAT,3273,KOTA BANDUNG,DOKTER SPESIALIS,PEREMPUAN,0,ORANG,2018
167,32,JAWA BARAT,3273,KOTA BANDUNG,DOKTER UMUM,LAKI-LAKI,40,ORANG,2018
168,32,JAWA BARAT,3273,KOTA BANDUNG,DOKTER UMUM,PEREMPUAN,178,ORANG,2018
169,32,JAWA BARAT,3274,KOTA CIREBON,DOKTER GIGI,LAKI-LAKI,3,ORANG,2018
170,32,JAWA BARAT,3274,KOTA CIREBON,DOKTER GIGI,PEREMPUAN,18,ORANG,2018
171,32,JAWA BARAT,3274,KOTA CIREBON,DOKTER GIGI SPESIALIS,LAKI-LAKI,0,ORANG,2018
172,32,JAWA BARAT,3274,KOTA CIREBON,DOKTER GIGI SPESIALIS,PEREMPUAN,0,ORANG,2018
173,32,JAWA BARAT,3274,KOTA CIREBON,DOKTER SPESIALIS,LAKI-LAKI,0,ORANG,2018
174,32,JAWA BARAT,3274,KOTA CIREBON,DOKTER SPESIALIS,PEREMPUAN,0,ORANG,2018
175,32,JAWA BARAT,3274,KOTA CIREBON,DOKTER UMUM,LAKI-LAKI,17,ORANG,2018
176,32,JAWA BARAT,3274,KOTA CIREBON,DOKTER UMUM,PEREMPUAN,51,ORANG,2018
177,32,JAWA BARAT,3275,KOTA BEKASI,DOKTER GIGI,LAKI-LAKI,3,ORANG,2018
178,32,JAWA BARAT,3275,KOTA BEKASI,DOKTER GIGI,PEREMPUAN,70,ORANG,2018
179,32,JAWA BARAT,3275,KOTA BEKASI,DOKTER GIGI SPESIALIS,LAKI-LAKI,0,ORANG,2018
180,32,JAWA BARAT,3275,KOTA BEKASI,DOKTER GIGI SPESIALIS,PEREMPUAN,0,ORANG,2018
181,32,JAWA BARAT,3275,KOTA BEKASI,DOKTER SPESIALIS,LAKI-LAKI,1,ORANG,2018
182,32,JAWA BARAT,3275,KOTA BEKASI,DOKTER SPESIALIS,PEREMPUAN,0,ORANG,2018
183,32,JAWA BARAT,3275,KOTA BEKASI,DOKTER UMUM,LAKI-LAKI,16,ORANG,2018
184,32,JAWA BARAT,3275,KOTA BEKASI,DOKTER UMUM,PEREMPUAN,111,ORANG,2018
185,32,JAWA BARAT,3276,KOTA DEPOK,DOKTER GIGI,LAKI-LAKI,1,ORANG,2018
186,32,JAWA BARAT,3276,KOTA DEPOK,DOKTER GIGI,PEREMPUAN,50,ORANG,2018
187,32,JAWA BARAT,3276,KOTA DEPOK,DOKTER GIGI SPESIALIS,LAKI-LAKI,0,ORANG,2018
188,32,JAWA BARAT,3276,KOTA DEPOK,DOKTER GIGI SPESIALIS,PEREMPUAN,0,ORANG,2018
189,32,JAWA BARAT,3276,KOTA DEPOK,DOKTER SPESIALIS,LAKI-LAKI,0,ORANG,2018
190,32,JAWA BARAT,3276,KOTA DEPOK,DOKTER SPESIALIS,PEREMPUAN,0,ORANG,2018
191,32,JAWA BARAT,3276,KOTA DEPOK,DOKTER UMUM,LAKI-LAKI,24,ORANG,2018
192,32,JAWA BARAT,3276,KOTA DEPOK,DOKTER UMUM,PEREMPUAN,123,ORANG,2018
193,32,JAWA BARAT,3277,KOTA CIMAHI,DOKTER GIGI,LAKI-LAKI,0,ORANG,2018
194,32,JAWA BARAT,3277,KOTA CIMAHI,DOKTER GIGI,PEREMPUAN,16,ORANG,2018
195,32,JAWA BARAT,3277,KOTA CIMAHI,DOKTER GIGI SPESIALIS,LAKI-LAKI,0,ORANG,2018
196,32,JAWA BARAT,3277,KOTA CIMAHI,DOKTER GIGI SPESIALIS,PEREMPUAN,0,ORANG,2018
197,32,JAWA BARAT,3277,KOTA CIMAHI,DOKTER SPESIALIS,LAKI-LAKI,0,ORANG,2018
198,32,JAWA BARAT,3277,KOTA CIMAHI,DOKTER SPESIALIS,PEREMPUAN,1,ORANG,2018
199,32,JAWA BARAT,3277,KOTA CIMAHI,DOKTER UMUM,LAKI-LAKI,4,ORANG,2018
200,32,JAWA BARAT,3277,KOTA CIMAHI,DOKTER UMUM,PEREMPUAN,29,ORANG,2018
201,32,JAWA BARAT,3278,KOTA TASIKMALAYA,DOKTER GIGI,LAKI-LAKI,5,ORANG,2018
202,32,JAWA BARAT,3278,KOTA TASIKMALAYA,DOKTER GIGI,PEREMPUAN,17,ORANG,2018
203,32,JAWA BARAT,3278,KOTA TASIKMALAYA,DOKTER GIGI SPESIALIS,LAKI-LAKI,0,ORANG,2018
204,32,JAWA BARAT,3278,KOTA TASIKMALAYA,DOKTER GIGI SPESIALIS,PEREMPUAN,0,ORANG,2018
205,32,JAWA BARAT,3278,KOTA TASIKMALAYA,DOKTER SPESIALIS,LAKI-LAKI,0,ORANG,2018
206,32,JAWA BARAT,3278,KOTA TASIKMALAYA,DOKTER SPESIALIS,PEREMPUAN,0,ORANG,2018
207,32,JAWA BARAT,3278,KOTA TASIKMALAYA,DOKTER UMUM,LAKI-LAKI,11,ORANG,2018
208,32,JAWA BARAT,3278,KOTA TASIKMALAYA,DOKTER UMUM,PEREMPUAN,24,ORANG,2018
209,32,JAWA BARAT,3279,KOTA BANJAR,DOKTER GIGI,LAKI-LAKI,1,ORANG,2018
210,32,JAWA BARAT,3279,KOTA BANJAR,DOKTER GIGI,PEREMPUAN,3,ORANG,2018
211,32,JAWA BARAT,3279,KOTA BANJAR,DOKTER GIGI SPESIALIS,LAKI-LAKI,0,ORANG,2018
212,32,JAWA BARAT,3279,KOTA BANJAR,DOKTER GIGI SPESIALIS,PEREMPUAN,0,ORANG,2018
213,32,JAWA BARAT,3279,KOTA BANJAR,DOKTER SPESIALIS,LAKI-LAKI,0,ORANG,2018
214,32,JAWA BARAT,3279,KOTA BANJAR,DOKTER SPESIALIS,PEREMPUAN,0,ORANG,2018
215,32,JAWA BARAT,3279,KOTA BANJAR,DOKTER UMUM,LAKI-LAKI,10,ORANG,2018
216,32,JAWA BARAT,3279,KOTA BANJAR,DOKTER UMUM,PEREMPUAN,15,ORANG,2018
217,32,JAWA BARAT,3201,KABUPATEN BOGOR,DOKTER GIGI,LAKI-LAKI,5,ORANG,2019
218,32,JAWA BARAT,3201,KABUPATEN BOGOR,DOKTER GIGI,PEREMPUAN,56,ORANG,2019
219,32,JAWA BARAT,3201,KABUPATEN BOGOR,DOKTER GIGI SPESIALIS,LAKI-LAKI,0,ORANG,2019
220,32,JAWA BARAT,3201,KABUPATEN BOGOR,DOKTER GIGI SPESIALIS,PEREMPUAN,0,ORANG,2019
221,32,JAWA BARAT,3201,KABUPATEN BOGOR,DOKTER SPESIALIS,LAKI-LAKI,0,ORANG,2019
222,32,JAWA BARAT,3201,KABUPATEN BOGOR,DOKTER SPESIALIS,PEREMPUAN,0,ORANG,2019
223,32,JAWA BARAT,3201,KABUPATEN BOGOR,DOKTER UMUM,LAKI-LAKI,71,ORANG,2019
224,32,JAWA BARAT,3201,KABUPATEN BOGOR,DOKTER UMUM,PEREMPUAN,136,ORANG,2019
225,32,JAWA BARAT,3202,KABUPATEN SUKABUMI,DOKTER GIGI,LAKI-LAKI,8,ORANG,2019
226,32,JAWA BARAT,3202,KABUPATEN SUKABUMI,DOKTER GIGI,PEREMPUAN,13,ORANG,2019
227,32,JAWA BARAT,3202,KABUPATEN SUKABUMI,DOKTER GIGI SPESIALIS,LAKI-LAKI,0,ORANG,2019
228,32,JAWA BARAT,3202,KABUPATEN SUKABUMI,DOKTER GIGI SPESIALIS,PEREMPUAN,0,ORANG,2019
229,32,JAWA BARAT,3202,KABUPATEN SUKABUMI,DOKTER SPESIALIS,LAKI-LAKI,0,ORANG,2019
230,32,JAWA BARAT,3202,KABUPATEN SUKABUMI,DOKTER SPESIALIS,PEREMPUAN,0,ORANG,2019
231,32,JAWA BARAT,3202,KABUPATEN SUKABUMI,DOKTER UMUM,LAKI-LAKI,39,ORANG,2019
232,32,JAWA BARAT,3202,KABUPATEN SUKABUMI,DOKTER UMUM,PEREMPUAN,53,ORANG,2019
233,32,JAWA BARAT,3203,KABUPATEN CIANJUR,DOKTER GIGI,LAKI-LAKI,5,ORANG,2019
234,32,JAWA BARAT,3203,KABUPATEN CIANJUR,DOKTER GIGI,PEREMPUAN,27,ORANG,2019
235,32,JAWA BARAT,3203,KABUPATEN CIANJUR,DOKTER GIGI SPESIALIS,LAKI-LAKI,0,ORANG,2019
236,32,JAWA BARAT,3203,KABUPATEN CIANJUR,DOKTER GIGI SPESIALIS,PEREMPUAN,0,ORANG,2019
237,32,JAWA BARAT,3203,KABUPATEN CIANJUR,DOKTER SPESIALIS,LAKI-LAKI,0,ORANG,2019
238,32,JAWA BARAT,3203,KABUPATEN CIANJUR,DOKTER SPESIALIS,PEREMPUAN,0,ORANG,2019
239,32,JAWA BARAT,3203,KABUPATEN CIANJUR,DOKTER UMUM,LAKI-LAKI,35,ORANG,2019
240,32,JAWA BARAT,3203,KABUPATEN CIANJUR,DOKTER UMUM,PEREMPUAN,47,ORANG,2019
241,32,JAWA BARAT,3204,KABUPATEN BANDUNG,DOKTER GIGI,LAKI-LAKI,13,ORANG,2019
242,32,JAWA BARAT,3204,KABUPATEN BANDUNG,DOKTER GIGI,PEREMPUAN,61,ORANG,2019
243,32,JAWA BARAT,3204,KABUPATEN BANDUNG,DOKTER GIGI SPESIALIS,LAKI-LAKI,0,ORANG,2019
244,32,JAWA BARAT,3204,KABUPATEN BANDUNG,DOKTER GIGI SPESIALIS,PEREMPUAN,0,ORANG,2019
245,32,JAWA BARAT,3204,KABUPATEN BANDUNG,DOKTER SPESIALIS,LAKI-LAKI,0,ORANG,2019
246,32,JAWA BARAT,3204,KABUPATEN BANDUNG,DOKTER SPESIALIS,PEREMPUAN,0,ORANG,2019
247,32,JAWA BARAT,3204,KABUPATEN BANDUNG,DOKTER UMUM,LAKI-LAKI,48,ORANG,2019
248,32,JAWA BARAT,3204,KABUPATEN BANDUNG,DOKTER UMUM,PEREMPUAN,111,ORANG,2019
249,32,JAWA BARAT,3205,KABUPATEN GARUT,DOKTER GIGI,LAKI-LAKI,8,ORANG,2019
250,32,JAWA BARAT,3205,KABUPATEN GARUT,DOKTER GIGI,PEREMPUAN,19,ORANG,2019
251,32,JAWA BARAT,3205,KABUPATEN GARUT,DOKTER GIGI SPESIALIS,LAKI-LAKI,0,ORANG,2019
252,32,JAWA BARAT,3205,KABUPATEN GARUT,DOKTER GIGI SPESIALIS,PEREMPUAN,0,ORANG,2019
253,32,JAWA BARAT,3205,KABUPATEN GARUT,DOKTER SPESIALIS,LAKI-LAKI,0,ORANG,2019
254,32,JAWA BARAT,3205,KABUPATEN GARUT,DOKTER SPESIALIS,PEREMPUAN,0,ORANG,2019
255,32,JAWA BARAT,3205,KABUPATEN GARUT,DOKTER UMUM,LAKI-LAKI,47,ORANG,2019
256,32,JAWA BARAT,3205,KABUPATEN GARUT,DOKTER UMUM,PEREMPUAN,74,ORANG,2019
257,32,JAWA BARAT,3206,KABUPATEN TASIKMALAYA,DOKTER GIGI,LAKI-LAKI,7,ORANG,2019
258,32,JAWA BARAT,3206,KABUPATEN TASIKMALAYA,DOKTER GIGI,PEREMPUAN,16,ORANG,2019
259,32,JAWA BARAT,3206,KABUPATEN TASIKMALAYA,DOKTER GIGI SPESIALIS,LAKI-LAKI,0,ORANG,2019
260,32,JAWA BARAT,3206,KABUPATEN TASIKMALAYA,DOKTER GIGI SPESIALIS,PEREMPUAN,0,ORANG,2019
261,32,JAWA BARAT,3206,KABUPATEN TASIKMALAYA,DOKTER SPESIALIS,LAKI-LAKI,0,ORANG,2019
262,32,JAWA BARAT,3206,KABUPATEN TASIKMALAYA,DOKTER SPESIALIS,PEREMPUAN,0,ORANG,2019
263,32,JAWA BARAT,3206,KABUPATEN TASIKMALAYA,DOKTER UMUM,LAKI-LAKI,36,ORANG,2019
264,32,JAWA BARAT,3206,KABUPATEN TASIKMALAYA,DOKTER UMUM,PEREMPUAN,46,ORANG,2019
265,32,JAWA BARAT,3207,KABUPATEN CIAMIS,DOKTER GIGI,LAKI-LAKI,4,ORANG,2019
266,32,JAWA BARAT,3207,KABUPATEN CIAMIS,DOKTER GIGI,PEREMPUAN,12,ORANG,2019
267,32,JAWA BARAT,3207,KABUPATEN CIAMIS,DOKTER GIGI SPESIALIS,LAKI-LAKI,0,ORANG,2019
268,32,JAWA BARAT,3207,KABUPATEN CIAMIS,DOKTER GIGI SPESIALIS,PEREMPUAN,0,ORANG,2019
269,32,JAWA BARAT,3207,KABUPATEN CIAMIS,DOKTER SPESIALIS,LAKI-LAKI,0,ORANG,2019
270,32,JAWA BARAT,3207,KABUPATEN CIAMIS,DOKTER SPESIALIS,PEREMPUAN,0,ORANG,2019
271,32,JAWA BARAT,3207,KABUPATEN CIAMIS,DOKTER UMUM,LAKI-LAKI,26,ORANG,2019
272,32,JAWA BARAT,3207,KABUPATEN CIAMIS,DOKTER UMUM,PEREMPUAN,41,ORANG,2019
273,32,JAWA BARAT,3208,KABUPATEN KUNINGAN,DOKTER GIGI,LAKI-LAKI,5,ORANG,2019
274,32,JAWA BARAT,3208,KABUPATEN KUNINGAN,DOKTER GIGI,PEREMPUAN,10,ORANG,2019
275,32,JAWA BARAT,3208,KABUPATEN KUNINGAN,DOKTER GIGI SPESIALIS,LAKI-LAKI,0,ORANG,2019
276,32,JAWA BARAT,3208,KABUPATEN KUNINGAN,DOKTER GIGI SPESIALIS,PEREMPUAN,0,ORANG,2019
277,32,JAWA BARAT,3208,KABUPATEN KUNINGAN,DOKTER SPESIALIS,LAKI-LAKI,0,ORANG,2019
278,32,JAWA BARAT,3208,KABUPATEN KUNINGAN,DOKTER SPESIALIS,PEREMPUAN,0,ORANG,2019
279,32,JAWA BARAT,3208,KABUPATEN KUNINGAN,DOKTER UMUM,LAKI-LAKI,29,ORANG,2019
280,32,JAWA BARAT,3208,KABUPATEN KUNINGAN,DOKTER UMUM,PEREMPUAN,34,ORANG,2019
281,32,JAWA BARAT,3209,KABUPATEN CIREBON,DOKTER GIGI,LAKI-LAKI,9,ORANG,2019
282,32,JAWA BARAT,3209,KABUPATEN CIREBON,DOKTER GIGI,PEREMPUAN,27,ORANG,2019
283,32,JAWA BARAT,3209,KABUPATEN CIREBON,DOKTER GIGI SPESIALIS,LAKI-LAKI,0,ORANG,2019
284,32,JAWA BARAT,3209,KABUPATEN CIREBON,DOKTER GIGI SPESIALIS,PEREMPUAN,0,ORANG,2019
285,32,JAWA BARAT,3209,KABUPATEN CIREBON,DOKTER SPESIALIS,LAKI-LAKI,0,ORANG,2019
286,32,JAWA BARAT,3209,KABUPATEN CIREBON,DOKTER SPESIALIS,PEREMPUAN,0,ORANG,2019
287,32,JAWA BARAT,3209,KABUPATEN CIREBON,DOKTER UMUM,LAKI-LAKI,34,ORANG,2019
288,32,JAWA BARAT,3209,KABUPATEN CIREBON,DOKTER UMUM,PEREMPUAN,67,ORANG,2019
289,32,JAWA BARAT,3210,KABUPATEN MAJALENGKA,DOKTER GIGI,LAKI-LAKI,4,ORANG,2019
290,32,JAWA BARAT,3210,KABUPATEN MAJALENGKA,DOKTER GIGI,PEREMPUAN,14,ORANG,2019
291,32,JAWA BARAT,3210,KABUPATEN MAJALENGKA,DOKTER GIGI SPESIALIS,LAKI-LAKI,0,ORANG,2019
292,32,JAWA BARAT,3210,KABUPATEN MAJALENGKA,DOKTER GIGI SPESIALIS,PEREMPUAN,0,ORANG,2019
293,32,JAWA BARAT,3210,KABUPATEN MAJALENGKA,DOKTER SPESIALIS,LAKI-LAKI,0,ORANG,2019
294,32,JAWA BARAT,3210,KABUPATEN MAJALENGKA,DOKTER SPESIALIS,PEREMPUAN,0,ORANG,2019
295,32,JAWA BARAT,3210,KABUPATEN MAJALENGKA,DOKTER UMUM,LAKI-LAKI,33,ORANG,2019
296,32,JAWA BARAT,3210,KABUPATEN MAJALENGKA,DOKTER UMUM,PEREMPUAN,37,ORANG,2019
297,32,JAWA BARAT,3211,KABUPATEN SUMEDANG,DOKTER GIGI,LAKI-LAKI,4,ORANG,2019
298,32,JAWA BARAT,3211,KABUPATEN SUMEDANG,DOKTER GIGI,PEREMPUAN,9,ORANG,2019
299,32,JAWA BARAT,3211,KABUPATEN SUMEDANG,DOKTER GIGI SPESIALIS,LAKI-LAKI,0,ORANG,2019
300,32,JAWA BARAT,3211,KABUPATEN SUMEDANG,DOKTER GIGI SPESIALIS,PEREMPUAN,0,ORANG,2019
301,32,JAWA BARAT,3211,KABUPATEN SUMEDANG,DOKTER SPESIALIS,LAKI-LAKI,0,ORANG,2019
302,32,JAWA BARAT,3211,KABUPATEN SUMEDANG,DOKTER SPESIALIS,PEREMPUAN,0,ORANG,2019
303,32,JAWA BARAT,3211,KABUPATEN SUMEDANG,DOKTER UMUM,LAKI-LAKI,16,ORANG,2019
304,32,JAWA BARAT,3211,KABUPATEN SUMEDANG,DOKTER UMUM,PEREMPUAN,33,ORANG,2019
305,32,JAWA BARAT,3212,KABUPATEN INDRAMAYU,DOKTER GIGI,LAKI-LAKI,4,ORANG,2019
306,32,JAWA BARAT,3212,KABUPATEN INDRAMAYU,DOKTER GIGI,PEREMPUAN,19,ORANG,2019
307,32,JAWA BARAT,3212,KABUPATEN INDRAMAYU,DOKTER GIGI SPESIALIS,LAKI-LAKI,0,ORANG,2019
308,32,JAWA BARAT,3212,KABUPATEN INDRAMAYU,DOKTER GIGI SPESIALIS,PEREMPUAN,0,ORANG,2019
309,32,JAWA BARAT,3212,KABUPATEN INDRAMAYU,DOKTER SPESIALIS,LAKI-LAKI,0,ORANG,2019
310,32,JAWA BARAT,3212,KABUPATEN INDRAMAYU,DOKTER SPESIALIS,PEREMPUAN,0,ORANG,2019
311,32,JAWA BARAT,3212,KABUPATEN INDRAMAYU,DOKTER UMUM,LAKI-LAKI,36,ORANG,2019
312,32,JAWA BARAT,3212,KABUPATEN INDRAMAYU,DOKTER UMUM,PEREMPUAN,41,ORANG,2019
313,32,JAWA BARAT,3213,KABUPATEN SUBANG,DOKTER GIGI,LAKI-LAKI,1,ORANG,2019
314,32,JAWA BARAT,3213,KABUPATEN SUBANG,DOKTER GIGI,PEREMPUAN,18,ORANG,2019
315,32,JAWA BARAT,3213,KABUPATEN SUBANG,DOKTER GIGI SPESIALIS,LAKI-LAKI,0,ORANG,2019
316,32,JAWA BARAT,3213,KABUPATEN SUBANG,DOKTER GIGI SPESIALIS,PEREMPUAN,0,ORANG,2019
317,32,JAWA BARAT,3213,KABUPATEN SUBANG,DOKTER SPESIALIS,LAKI-LAKI,0,ORANG,2019
318,32,JAWA BARAT,3213,KABUPATEN SUBANG,DOKTER SPESIALIS,PEREMPUAN,0,ORANG,2019
319,32,JAWA BARAT,3213,KABUPATEN SUBANG,DOKTER UMUM,LAKI-LAKI,39,ORANG,2019
320,32,JAWA BARAT,3213,KABUPATEN SUBANG,DOKTER UMUM,PEREMPUAN,38,ORANG,2019
321,32,JAWA BARAT,3214,KABUPATEN PURWAKARTA,DOKTER GIGI,LAKI-LAKI,4,ORANG,2019
322,32,JAWA BARAT,3214,KABUPATEN PURWAKARTA,DOKTER GIGI,PEREMPUAN,15,ORANG,2019
323,32,JAWA BARAT,3214,KABUPATEN PURWAKARTA,DOKTER GIGI SPESIALIS,LAKI-LAKI,0,ORANG,2019
324,32,JAWA BARAT,3214,KABUPATEN PURWAKARTA,DOKTER GIGI SPESIALIS,PEREMPUAN,0,ORANG,2019
325,32,JAWA BARAT,3214,KABUPATEN PURWAKARTA,DOKTER SPESIALIS,LAKI-LAKI,0,ORANG,2019
326,32,JAWA BARAT,3214,KABUPATEN PURWAKARTA,DOKTER SPESIALIS,PEREMPUAN,0,ORANG,2019
327,32,JAWA BARAT,3214,KABUPATEN PURWAKARTA,DOKTER UMUM,LAKI-LAKI,13,ORANG,2019
328,32,JAWA BARAT,3214,KABUPATEN PURWAKARTA,DOKTER UMUM,PEREMPUAN,31,ORANG,2019
329,32,JAWA BARAT,3215,KABUPATEN KARAWANG,DOKTER GIGI,LAKI-LAKI,7,ORANG,2019
330,32,JAWA BARAT,3215,KABUPATEN KARAWANG,DOKTER GIGI,PEREMPUAN,26,ORANG,2019
331,32,JAWA BARAT,3215,KABUPATEN KARAWANG,DOKTER GIGI SPESIALIS,LAKI-LAKI,0,ORANG,2019
332,32,JAWA BARAT,3215,KABUPATEN KARAWANG,DOKTER GIGI SPESIALIS,PEREMPUAN,0,ORANG,2019
333,32,JAWA BARAT,3215,KABUPATEN KARAWANG,DOKTER SPESIALIS,LAKI-LAKI,0,ORANG,2019
334,32,JAWA BARAT,3215,KABUPATEN KARAWANG,DOKTER SPESIALIS,PEREMPUAN,0,ORANG,2019
335,32,JAWA BARAT,3215,KABUPATEN KARAWANG,DOKTER UMUM,LAKI-LAKI,44,ORANG,2019
336,32,JAWA BARAT,3215,KABUPATEN KARAWANG,DOKTER UMUM,PEREMPUAN,67,ORANG,2019
337,32,JAWA BARAT,3216,KABUPATEN BEKASI,DOKTER GIGI,LAKI-LAKI,4,ORANG,2019
338,32,JAWA BARAT,3216,KABUPATEN BEKASI,DOKTER GIGI,PEREMPUAN,39,ORANG,2019
339,32,JAWA BARAT,3216,KABUPATEN BEKASI,DOKTER GIGI SPESIALIS,LAKI-LAKI,0,ORANG,2019
340,32,JAWA BARAT,3216,KABUPATEN BEKASI,DOKTER GIGI SPESIALIS,PEREMPUAN,0,ORANG,2019
341,32,JAWA BARAT,3216,KABUPATEN BEKASI,DOKTER SPESIALIS,LAKI-LAKI,0,ORANG,2019
342,32,JAWA BARAT,3216,KABUPATEN BEKASI,DOKTER SPESIALIS,PEREMPUAN,0,ORANG,2019
343,32,JAWA BARAT,3216,KABUPATEN BEKASI,DOKTER UMUM,LAKI-LAKI,29,ORANG,2019
344,32,JAWA BARAT,3216,KABUPATEN BEKASI,DOKTER UMUM,PEREMPUAN,75,ORANG,2019
345,32,JAWA BARAT,3217,KABUPATEN BANDUNG BARAT,DOKTER GIGI,LAKI-LAKI,6,ORANG,2019
346,32,JAWA BARAT,3217,KABUPATEN BANDUNG BARAT,DOKTER GIGI,PEREMPUAN,25,ORANG,2019
347,32,JAWA BARAT,3217,KABUPATEN BANDUNG BARAT,DOKTER GIGI SPESIALIS,LAKI-LAKI,0,ORANG,2019
348,32,JAWA BARAT,3217,KABUPATEN BANDUNG BARAT,DOKTER GIGI SPESIALIS,PEREMPUAN,0,ORANG,2019
349,32,JAWA BARAT,3217,KABUPATEN BANDUNG BARAT,DOKTER SPESIALIS,LAKI-LAKI,0,ORANG,2019
350,32,JAWA BARAT,3217,KABUPATEN BANDUNG BARAT,DOKTER SPESIALIS,PEREMPUAN,0,ORANG,2019
351,32,JAWA BARAT,3217,KABUPATEN BANDUNG BARAT,DOKTER UMUM,LAKI-LAKI,29,ORANG,2019
352,32,JAWA BARAT,3217,KABUPATEN BANDUNG BARAT,DOKTER UMUM,PEREMPUAN,51,ORANG,2019
353,32,JAWA BARAT,3218,KABUPATEN PANGANDARAN,DOKTER GIGI,LAKI-LAKI,3,ORANG,2019
354,32,JAWA BARAT,3218,KABUPATEN PANGANDARAN,DOKTER GIGI,PEREMPUAN,6,ORANG,2019
355,32,JAWA BARAT,3218,KABUPATEN PANGANDARAN,DOKTER GIGI SPESIALIS,LAKI-LAKI,0,ORANG,2019
356,32,JAWA BARAT,3218,KABUPATEN PANGANDARAN,DOKTER GIGI SPESIALIS,PEREMPUAN,0,ORANG,2019
357,32,JAWA BARAT,3218,KABUPATEN PANGANDARAN,DOKTER SPESIALIS,LAKI-LAKI,0,ORANG,2019
358,32,JAWA BARAT,3218,KABUPATEN PANGANDARAN,DOKTER SPESIALIS,PEREMPUAN,0,ORANG,2019
359,32,JAWA BARAT,3218,KABUPATEN PANGANDARAN,DOKTER UMUM,LAKI-LAKI,17,ORANG,2019
360,32,JAWA BARAT,3218,KABUPATEN PANGANDARAN,DOKTER UMUM,PEREMPUAN,19,ORANG,2019
361,32,JAWA BARAT,3271,KOTA BOGOR,DOKTER GIGI,LAKI-LAKI,2,ORANG,2019
362,32,JAWA BARAT,3271,KOTA BOGOR,DOKTER GIGI,PEREMPUAN,41,ORANG,2019
363,32,JAWA BARAT,3271,KOTA BOGOR,DOKTER GIGI SPESIALIS,LAKI-LAKI,0,ORANG,2019
364,32,JAWA BARAT,3271,KOTA BOGOR,DOKTER GIGI SPESIALIS,PEREMPUAN,0,ORANG,2019
365,32,JAWA BARAT,3271,KOTA BOGOR,DOKTER SPESIALIS,LAKI-LAKI,0,ORANG,2019
366,32,JAWA BARAT,3271,KOTA BOGOR,DOKTER SPESIALIS,PEREMPUAN,0,ORANG,2019
367,32,JAWA BARAT,3271,KOTA BOGOR,DOKTER UMUM,LAKI-LAKI,12,ORANG,2019
368,32,JAWA BARAT,3271,KOTA BOGOR,DOKTER UMUM,PEREMPUAN,81,ORANG,2019
369,32,JAWA BARAT,3272,KOTA SUKABUMI,DOKTER GIGI,LAKI-LAKI,4,ORANG,2019
370,32,JAWA BARAT,3272,KOTA SUKABUMI,DOKTER GIGI,PEREMPUAN,5,ORANG,2019
371,32,JAWA BARAT,3272,KOTA SUKABUMI,DOKTER GIGI SPESIALIS,LAKI-LAKI,0,ORANG,2019
372,32,JAWA BARAT,3272,KOTA SUKABUMI,DOKTER GIGI SPESIALIS,PEREMPUAN,0,ORANG,2019
373,32,JAWA BARAT,3272,KOTA SUKABUMI,DOKTER SPESIALIS,LAKI-LAKI,0,ORANG,2019
374,32,JAWA BARAT,3272,KOTA SUKABUMI,DOKTER SPESIALIS,PEREMPUAN,0,ORANG,2019
375,32,JAWA BARAT,3272,KOTA SUKABUMI,DOKTER UMUM,LAKI-LAKI,11,ORANG,2019
376,32,JAWA BARAT,3272,KOTA SUKABUMI,DOKTER UMUM,PEREMPUAN,23,ORANG,2019
377,32,JAWA BARAT,3273,KOTA BANDUNG,DOKTER GIGI,LAKI-LAKI,13,ORANG,2019
378,32,JAWA BARAT,3273,KOTA BANDUNG,DOKTER GIGI,PEREMPUAN,94,ORANG,2019
379,32,JAWA BARAT,3273,KOTA BANDUNG,DOKTER GIGI SPESIALIS,LAKI-LAKI,0,ORANG,2019
380,32,JAWA BARAT,3273,KOTA BANDUNG,DOKTER GIGI SPESIALIS,PEREMPUAN,0,ORANG,2019
381,32,JAWA BARAT,3273,KOTA BANDUNG,DOKTER SPESIALIS,LAKI-LAKI,0,ORANG,2019
382,32,JAWA BARAT,3273,KOTA BANDUNG,DOKTER SPESIALIS,PEREMPUAN,0,ORANG,2019
383,32,JAWA BARAT,3273,KOTA BANDUNG,DOKTER UMUM,LAKI-LAKI,40,ORANG,2019
384,32,JAWA BARAT,3273,KOTA BANDUNG,DOKTER UMUM,PEREMPUAN,178,ORANG,2019
385,32,JAWA BARAT,3274,KOTA CIREBON,DOKTER GIGI,LAKI-LAKI,3,ORANG,2019
386,32,JAWA BARAT,3274,KOTA CIREBON,DOKTER GIGI,PEREMPUAN,18,ORANG,2019
387,32,JAWA BARAT,3274,KOTA CIREBON,DOKTER GIGI SPESIALIS,LAKI-LAKI,0,ORANG,2019
388,32,JAWA BARAT,3274,KOTA CIREBON,DOKTER GIGI SPESIALIS,PEREMPUAN,0,ORANG,2019
389,32,JAWA BARAT,3274,KOTA CIREBON,DOKTER SPESIALIS,LAKI-LAKI,0,ORANG,2019
390,32,JAWA BARAT,3274,KOTA CIREBON,DOKTER SPESIALIS,PEREMPUAN,0,ORANG,2019
391,32,JAWA BARAT,3274,KOTA CIREBON,DOKTER UMUM,LAKI-LAKI,17,ORANG,2019
392,32,JAWA BARAT,3274,KOTA CIREBON,DOKTER UMUM,PEREMPUAN,51,ORANG,2019
393,32,JAWA BARAT,3275,KOTA BEKASI,DOKTER GIGI,LAKI-LAKI,3,ORANG,2019
394,32,JAWA BARAT,3275,KOTA BEKASI,DOKTER GIGI,PEREMPUAN,70,ORANG,2019
395,32,JAWA BARAT,3275,KOTA BEKASI,DOKTER GIGI SPESIALIS,LAKI-LAKI,0,ORANG,2019
396,32,JAWA BARAT,3275,KOTA BEKASI,DOKTER GIGI SPESIALIS,PEREMPUAN,0,ORANG,2019
397,32,JAWA BARAT,3275,KOTA BEKASI,DOKTER SPESIALIS,LAKI-LAKI,1,ORANG,2019
398,32,JAWA BARAT,3275,KOTA BEKASI,DOKTER SPESIALIS,PEREMPUAN,0,ORANG,2019
399,32,JAWA BARAT,3275,KOTA BEKASI,DOKTER UMUM,LAKI-LAKI,16,ORANG,2019
400,32,JAWA BARAT,3275,KOTA BEKASI,DOKTER UMUM,PEREMPUAN,111,ORANG,2019
401,32,JAWA BARAT,3276,KOTA DEPOK,DOKTER GIGI,LAKI-LAKI,1,ORANG,2019
402,32,JAWA BARAT,3276,KOTA DEPOK,DOKTER GIGI,PEREMPUAN,50,ORANG,2019
403,32,JAWA BARAT,3276,KOTA DEPOK,DOKTER GIGI SPESIALIS,LAKI-LAKI,0,ORANG,2019
404,32,JAWA BARAT,3276,KOTA DEPOK,DOKTER GIGI SPESIALIS,PEREMPUAN,0,ORANG,2019
405,32,JAWA BARAT,3276,KOTA DEPOK,DOKTER SPESIALIS,LAKI-LAKI,0,ORANG,2019
406,32,JAWA BARAT,3276,KOTA DEPOK,DOKTER SPESIALIS,PEREMPUAN,0,ORANG,2019
407,32,JAWA BARAT,3276,KOTA DEPOK,DOKTER UMUM,LAKI-LAKI,24,ORANG,2019
408,32,JAWA BARAT,3276,KOTA DEPOK,DOKTER UMUM,PEREMPUAN,123,ORANG,2019
409,32,JAWA BARAT,3277,KOTA CIMAHI,DOKTER GIGI,LAKI-LAKI,0,ORANG,2019
410,32,JAWA BARAT,3277,KOTA CIMAHI,DOKTER GIGI,PEREMPUAN,16,ORANG,2019
411,32,JAWA BARAT,3277,KOTA CIMAHI,DOKTER GIGI SPESIALIS,LAKI-LAKI,0,ORANG,2019
412,32,JAWA BARAT,3277,KOTA CIMAHI,DOKTER GIGI SPESIALIS,PEREMPUAN,0,ORANG,2019
413,32,JAWA BARAT,3277,KOTA CIMAHI,DOKTER SPESIALIS,LAKI-LAKI,0,ORANG,2019
414,32,JAWA BARAT,3277,KOTA CIMAHI,DOKTER SPESIALIS,PEREMPUAN,1,ORANG,2019
415,32,JAWA BARAT,3277,KOTA CIMAHI,DOKTER UMUM,LAKI-LAKI,4,ORANG,2019
416,32,JAWA BARAT,3277,KOTA CIMAHI,DOKTER UMUM,PEREMPUAN,29,ORANG,2019
417,32,JAWA BARAT,3278,KOTA TASIKMALAYA,DOKTER GIGI,LAKI-LAKI,5,ORANG,2019
418,32,JAWA BARAT,3278,KOTA TASIKMALAYA,DOKTER GIGI,PEREMPUAN,17,ORANG,2019
419,32,JAWA BARAT,3278,KOTA TASIKMALAYA,DOKTER GIGI SPESIALIS,LAKI-LAKI,0,ORANG,2019
420,32,JAWA BARAT,3278,KOTA TASIKMALAYA,DOKTER GIGI SPESIALIS,PEREMPUAN,0,ORANG,2019
421,32,JAWA BARAT,3278,KOTA TASIKMALAYA,DOKTER SPESIALIS,LAKI-LAKI,0,ORANG,2019
422,32,JAWA BARAT,3278,KOTA TASIKMALAYA,DOKTER SPESIALIS,PEREMPUAN,0,ORANG,2019
423,32,JAWA BARAT,3278,KOTA TASIKMALAYA,DOKTER UMUM,LAKI-LAKI,11,ORANG,2019
424,32,JAWA BARAT,3278,KOTA TASIKMALAYA,DOKTER UMUM,PEREMPUAN,24,ORANG,2019
425,32,JAWA BARAT,3279,KOTA BANJAR,DOKTER GIGI,LAKI-LAKI,1,ORANG,2019
426,32,JAWA BARAT,3279,KOTA BANJAR,DOKTER GIGI,PEREMPUAN,3,ORANG,2019
427,32,JAWA BARAT,3279,KOTA BANJAR,DOKTER GIGI SPESIALIS,LAKI-LAKI,0,ORANG,2019
428,32,JAWA BARAT,3279,KOTA BANJAR,DOKTER GIGI SPESIALIS,PEREMPUAN,0,ORANG,2019
429,32,JAWA BARAT,3279,KOTA BANJAR,DOKTER SPESIALIS,LAKI-LAKI,0,ORANG,2019
430,32,JAWA BARAT,3279,KOTA BANJAR,DOKTER SPESIALIS,PEREMPUAN,0,ORANG,2019
431,32,JAWA BARAT,3279,KOTA BANJAR,DOKTER UMUM,LAKI-LAKI,10,ORANG,2019
432,32,JAWA BARAT,3279,KOTA BANJAR,DOKTER UMUM,PEREMPUAN,15,ORANG,2019
433,32,JAWA BARAT,3201,KABUPATEN BOGOR,DOKTER GIGI,LAKI-LAKI,5,ORANG,2020
434,32,JAWA BARAT,3201,KABUPATEN BOGOR,DOKTER GIGI,PEREMPUAN,56,ORANG,2020
435,32,JAWA BARAT,3201,KABUPATEN BOGOR,DOKTER GIGI SPESIALIS,LAKI-LAKI,0,ORANG,2020
436,32,JAWA BARAT,3201,KABUPATEN BOGOR,DOKTER GIGI SPESIALIS,PEREMPUAN,0,ORANG,2020
437,32,JAWA BARAT,3201,KABUPATEN BOGOR,DOKTER SPESIALIS,LAKI-LAKI,0,ORANG,2020
438,32,JAWA BARAT,3201,KABUPATEN BOGOR,DOKTER SPESIALIS,PEREMPUAN,0,ORANG,2020
439,32,JAWA BARAT,3201,KABUPATEN BOGOR,DOKTER UMUM,LAKI-LAKI,69,ORANG,2020
440,32,JAWA BARAT,3201,KABUPATEN BOGOR,DOKTER UMUM,PEREMPUAN,139,ORANG,2020
441,32,JAWA BARAT,3202,KABUPATEN SUKABUMI,DOKTER GIGI,LAKI-LAKI,9,ORANG,2020
442,32,JAWA BARAT,3202,KABUPATEN SUKABUMI,DOKTER GIGI,PEREMPUAN,14,ORANG,2020
443,32,JAWA BARAT,3202,KABUPATEN SUKABUMI,DOKTER GIGI SPESIALIS,LAKI-LAKI,0,ORANG,2020
444,32,JAWA BARAT,3202,KABUPATEN SUKABUMI,DOKTER GIGI SPESIALIS,PEREMPUAN,0,ORANG,2020
445,32,JAWA BARAT,3202,KABUPATEN SUKABUMI,DOKTER SPESIALIS,LAKI-LAKI,0,ORANG,2020
446,32,JAWA BARAT,3202,KABUPATEN SUKABUMI,DOKTER SPESIALIS,PEREMPUAN,0,ORANG,2020
447,32,JAWA BARAT,3202,KABUPATEN SUKABUMI,DOKTER UMUM,LAKI-LAKI,48,ORANG,2020
448,32,JAWA BARAT,3202,KABUPATEN SUKABUMI,DOKTER UMUM,PEREMPUAN,79,ORANG,2020
449,32,JAWA BARAT,3203,KABUPATEN CIANJUR,DOKTER GIGI,LAKI-LAKI,15,ORANG,2020
450,32,JAWA BARAT,3203,KABUPATEN CIANJUR,DOKTER GIGI,PEREMPUAN,51,ORANG,2020
451,32,JAWA BARAT,3203,KABUPATEN CIANJUR,DOKTER GIGI SPESIALIS,LAKI-LAKI,0,ORANG,2020
452,32,JAWA BARAT,3203,KABUPATEN CIANJUR,DOKTER GIGI SPESIALIS,PEREMPUAN,0,ORANG,2020
453,32,JAWA BARAT,3203,KABUPATEN CIANJUR,DOKTER SPESIALIS,LAKI-LAKI,0,ORANG,2020
454,32,JAWA BARAT,3203,KABUPATEN CIANJUR,DOKTER SPESIALIS,PEREMPUAN,0,ORANG,2020
455,32,JAWA BARAT,3203,KABUPATEN CIANJUR,DOKTER UMUM,LAKI-LAKI,51,ORANG,2020
456,32,JAWA BARAT,3203,KABUPATEN CIANJUR,DOKTER UMUM,PEREMPUAN,53,ORANG,2020
457,32,JAWA BARAT,3204,KABUPATEN BANDUNG,DOKTER GIGI,LAKI-LAKI,16,ORANG,2020
458,32,JAWA BARAT,3204,KABUPATEN BANDUNG,DOKTER GIGI,PEREMPUAN,62,ORANG,2020
459,32,JAWA BARAT,3204,KABUPATEN BANDUNG,DOKTER GIGI SPESIALIS,LAKI-LAKI,0,ORANG,2020
460,32,JAWA BARAT,3204,KABUPATEN BANDUNG,DOKTER GIGI SPESIALIS,PEREMPUAN,0,ORANG,2020
461,32,JAWA BARAT,3204,KABUPATEN BANDUNG,DOKTER SPESIALIS,LAKI-LAKI,0,ORANG,2020
462,32,JAWA BARAT,3204,KABUPATEN BANDUNG,DOKTER SPESIALIS,PEREMPUAN,0,ORANG,2020
463,32,JAWA BARAT,3204,KABUPATEN BANDUNG,DOKTER UMUM,LAKI-LAKI,55,ORANG,2020
464,32,JAWA BARAT,3204,KABUPATEN BANDUNG,DOKTER UMUM,PEREMPUAN,123,ORANG,2020
465,32,JAWA BARAT,3205,KABUPATEN GARUT,DOKTER GIGI,LAKI-LAKI,7,ORANG,2020
466,32,JAWA BARAT,3205,KABUPATEN GARUT,DOKTER GIGI,PEREMPUAN,16,ORANG,2020
467,32,JAWA BARAT,3205,KABUPATEN GARUT,DOKTER GIGI SPESIALIS,LAKI-LAKI,0,ORANG,2020
468,32,JAWA BARAT,3205,KABUPATEN GARUT,DOKTER GIGI SPESIALIS,PEREMPUAN,0,ORANG,2020
469,32,JAWA BARAT,3205,KABUPATEN GARUT,DOKTER SPESIALIS,LAKI-LAKI,0,ORANG,2020
470,32,JAWA BARAT,3205,KABUPATEN GARUT,DOKTER SPESIALIS,PEREMPUAN,0,ORANG,2020
471,32,JAWA BARAT,3205,KABUPATEN GARUT,DOKTER UMUM,LAKI-LAKI,68,ORANG,2020
472,32,JAWA BARAT,3205,KABUPATEN GARUT,DOKTER UMUM,PEREMPUAN,104,ORANG,2020
473,32,JAWA BARAT,3206,KABUPATEN TASIKMALAYA,DOKTER GIGI,LAKI-LAKI,9,ORANG,2020
474,32,JAWA BARAT,3206,KABUPATEN TASIKMALAYA,DOKTER GIGI,PEREMPUAN,15,ORANG,2020
475,32,JAWA BARAT,3206,KABUPATEN TASIKMALAYA,DOKTER GIGI SPESIALIS,LAKI-LAKI,0,ORANG,2020
476,32,JAWA BARAT,3206,KABUPATEN TASIKMALAYA,DOKTER GIGI SPESIALIS,PEREMPUAN,0,ORANG,2020
477,32,JAWA BARAT,3206,KABUPATEN TASIKMALAYA,DOKTER SPESIALIS,LAKI-LAKI,0,ORANG,2020
478,32,JAWA BARAT,3206,KABUPATEN TASIKMALAYA,DOKTER SPESIALIS,PEREMPUAN,0,ORANG,2020
479,32,JAWA BARAT,3206,KABUPATEN TASIKMALAYA,DOKTER UMUM,LAKI-LAKI,47,ORANG,2020
480,32,JAWA BARAT,3206,KABUPATEN TASIKMALAYA,DOKTER UMUM,PEREMPUAN,55,ORANG,2020
481,32,JAWA BARAT,3207,KABUPATEN CIAMIS,DOKTER GIGI,LAKI-LAKI,3,ORANG,2020
482,32,JAWA BARAT,3207,KABUPATEN CIAMIS,DOKTER GIGI,PEREMPUAN,13,ORANG,2020
483,32,JAWA BARAT,3207,KABUPATEN CIAMIS,DOKTER GIGI SPESIALIS,LAKI-LAKI,0,ORANG,2020
484,32,JAWA BARAT,3207,KABUPATEN CIAMIS,DOKTER GIGI SPESIALIS,PEREMPUAN,0,ORANG,2020
485,32,JAWA BARAT,3207,KABUPATEN CIAMIS,DOKTER SPESIALIS,LAKI-LAKI,0,ORANG,2020
486,32,JAWA BARAT,3207,KABUPATEN CIAMIS,DOKTER SPESIALIS,PEREMPUAN,0,ORANG,2020
487,32,JAWA BARAT,3207,KABUPATEN CIAMIS,DOKTER UMUM,LAKI-LAKI,33,ORANG,2020
488,32,JAWA BARAT,3207,KABUPATEN CIAMIS,DOKTER UMUM,PEREMPUAN,45,ORANG,2020
489,32,JAWA BARAT,3208,KABUPATEN KUNINGAN,DOKTER GIGI,LAKI-LAKI,5,ORANG,2020
490,32,JAWA BARAT,3208,KABUPATEN KUNINGAN,DOKTER GIGI,PEREMPUAN,11,ORANG,2020
491,32,JAWA BARAT,3208,KABUPATEN KUNINGAN,DOKTER GIGI SPESIALIS,LAKI-LAKI,0,ORANG,2020
492,32,JAWA BARAT,3208,KABUPATEN KUNINGAN,DOKTER GIGI SPESIALIS,PEREMPUAN,0,ORANG,2020
493,32,JAWA BARAT,3208,KABUPATEN KUNINGAN,DOKTER SPESIALIS,LAKI-LAKI,0,ORANG,2020
494,32,JAWA BARAT,3208,KABUPATEN KUNINGAN,DOKTER SPESIALIS,PEREMPUAN,0,ORANG,2020
495,32,JAWA BARAT,3208,KABUPATEN KUNINGAN,DOKTER UMUM,LAKI-LAKI,32,ORANG,2020
496,32,JAWA BARAT,3208,KABUPATEN KUNINGAN,DOKTER UMUM,PEREMPUAN,39,ORANG,2020
497,32,JAWA BARAT,3209,KABUPATEN CIREBON,DOKTER GIGI,LAKI-LAKI,9,ORANG,2020
498,32,JAWA BARAT,3209,KABUPATEN CIREBON,DOKTER GIGI,PEREMPUAN,31,ORANG,2020
499,32,JAWA BARAT,3209,KABUPATEN CIREBON,DOKTER GIGI SPESIALIS,LAKI-LAKI,0,ORANG,2020
500,32,JAWA BARAT,3209,KABUPATEN CIREBON,DOKTER GIGI SPESIALIS,PEREMPUAN,0,ORANG,2020
501,32,JAWA BARAT,3209,KABUPATEN CIREBON,DOKTER SPESIALIS,LAKI-LAKI,0,ORANG,2020
502,32,JAWA BARAT,3209,KABUPATEN CIREBON,DOKTER SPESIALIS,PEREMPUAN,0,ORANG,2020
503,32,JAWA BARAT,3209,KABUPATEN CIREBON,DOKTER UMUM,LAKI-LAKI,67,ORANG,2020
504,32,JAWA BARAT,3209,KABUPATEN CIREBON,DOKTER UMUM,PEREMPUAN,111,ORANG,2020
505,32,JAWA BARAT,3210,KABUPATEN MAJALENGKA,DOKTER GIGI,LAKI-LAKI,3,ORANG,2020
506,32,JAWA BARAT,3210,KABUPATEN MAJALENGKA,DOKTER GIGI,PEREMPUAN,11,ORANG,2020
507,32,JAWA BARAT,3210,KABUPATEN MAJALENGKA,DOKTER GIGI SPESIALIS,LAKI-LAKI,0,ORANG,2020
508,32,JAWA BARAT,3210,KABUPATEN MAJALENGKA,DOKTER GIGI SPESIALIS,PEREMPUAN,0,ORANG,2020
509,32,JAWA BARAT,3210,KABUPATEN MAJALENGKA,DOKTER SPESIALIS,LAKI-LAKI,0,ORANG,2020
510,32,JAWA BARAT,3210,KABUPATEN MAJALENGKA,DOKTER SPESIALIS,PEREMPUAN,0,ORANG,2020
511,32,JAWA BARAT,3210,KABUPATEN MAJALENGKA,DOKTER UMUM,LAKI-LAKI,30,ORANG,2020
512,32,JAWA BARAT,3210,KABUPATEN MAJALENGKA,DOKTER UMUM,PEREMPUAN,37,ORANG,2020
513,32,JAWA BARAT,3211,KABUPATEN SUMEDANG,DOKTER GIGI,LAKI-LAKI,4,ORANG,2020
514,32,JAWA BARAT,3211,KABUPATEN SUMEDANG,DOKTER GIGI,PEREMPUAN,9,ORANG,2020
515,32,JAWA BARAT,3211,KABUPATEN SUMEDANG,DOKTER GIGI SPESIALIS,LAKI-LAKI,0,ORANG,2020
516,32,JAWA BARAT,3211,KABUPATEN SUMEDANG,DOKTER GIGI SPESIALIS,PEREMPUAN,0,ORANG,2020
517,32,JAWA BARAT,3211,KABUPATEN SUMEDANG,DOKTER SPESIALIS,LAKI-LAKI,0,ORANG,2020
518,32,JAWA BARAT,3211,KABUPATEN SUMEDANG,DOKTER SPESIALIS,PEREMPUAN,0,ORANG,2020
519,32,JAWA BARAT,3211,KABUPATEN SUMEDANG,DOKTER UMUM,LAKI-LAKI,14,ORANG,2020
520,32,JAWA BARAT,3211,KABUPATEN SUMEDANG,DOKTER UMUM,PEREMPUAN,58,ORANG,2020
521,32,JAWA BARAT,3212,KABUPATEN INDRAMAYU,DOKTER GIGI,LAKI-LAKI,4,ORANG,2020
522,32,JAWA BARAT,3212,KABUPATEN INDRAMAYU,DOKTER GIGI,PEREMPUAN,25,ORANG,2020
523,32,JAWA BARAT,3212,KABUPATEN INDRAMAYU,DOKTER GIGI SPESIALIS,LAKI-LAKI,0,ORANG,2020
524,32,JAWA BARAT,3212,KABUPATEN INDRAMAYU,DOKTER GIGI SPESIALIS,PEREMPUAN,0,ORANG,2020
525,32,JAWA BARAT,3212,KABUPATEN INDRAMAYU,DOKTER SPESIALIS,LAKI-LAKI,0,ORANG,2020
526,32,JAWA BARAT,3212,KABUPATEN INDRAMAYU,DOKTER SPESIALIS,PEREMPUAN,0,ORANG,2020
527,32,JAWA BARAT,3212,KABUPATEN INDRAMAYU,DOKTER UMUM,LAKI-LAKI,57,ORANG,2020
528,32,JAWA BARAT,3212,KABUPATEN INDRAMAYU,DOKTER UMUM,PEREMPUAN,72,ORANG,2020
529,32,JAWA BARAT,3213,KABUPATEN SUBANG,DOKTER GIGI,LAKI-LAKI,1,ORANG,2020
530,32,JAWA BARAT,3213,KABUPATEN SUBANG,DOKTER GIGI,PEREMPUAN,18,ORANG,2020
531,32,JAWA BARAT,3213,KABUPATEN SUBANG,DOKTER GIGI SPESIALIS,LAKI-LAKI,0,ORANG,2020
532,32,JAWA BARAT,3213,KABUPATEN SUBANG,DOKTER GIGI SPESIALIS,PEREMPUAN,0,ORANG,2020
533,32,JAWA BARAT,3213,KABUPATEN SUBANG,DOKTER SPESIALIS,LAKI-LAKI,0,ORANG,2020
534,32,JAWA BARAT,3213,KABUPATEN SUBANG,DOKTER SPESIALIS,PEREMPUAN,0,ORANG,2020
535,32,JAWA BARAT,3213,KABUPATEN SUBANG,DOKTER UMUM,LAKI-LAKI,43,ORANG,2020
536,32,JAWA BARAT,3213,KABUPATEN SUBANG,DOKTER UMUM,PEREMPUAN,38,ORANG,2020
537,32,JAWA BARAT,3214,KABUPATEN PURWAKARTA,DOKTER GIGI,LAKI-LAKI,2,ORANG,2020
538,32,JAWA BARAT,3214,KABUPATEN PURWAKARTA,DOKTER GIGI,PEREMPUAN,18,ORANG,2020
539,32,JAWA BARAT,3214,KABUPATEN PURWAKARTA,DOKTER GIGI SPESIALIS,LAKI-LAKI,0,ORANG,2020
540,32,JAWA BARAT,3214,KABUPATEN PURWAKARTA,DOKTER GIGI SPESIALIS,PEREMPUAN,0,ORANG,2020
541,32,JAWA BARAT,3214,KABUPATEN PURWAKARTA,DOKTER SPESIALIS,LAKI-LAKI,0,ORANG,2020
542,32,JAWA BARAT,3214,KABUPATEN PURWAKARTA,DOKTER SPESIALIS,PEREMPUAN,0,ORANG,2020
543,32,JAWA BARAT,3214,KABUPATEN PURWAKARTA,DOKTER UMUM,LAKI-LAKI,0,ORANG,2020
544,32,JAWA BARAT,3214,KABUPATEN PURWAKARTA,DOKTER UMUM,PEREMPUAN,32,ORANG,2020
545,32,JAWA BARAT,3215,KABUPATEN KARAWANG,DOKTER GIGI,LAKI-LAKI,7,ORANG,2020
546,32,JAWA BARAT,3215,KABUPATEN KARAWANG,DOKTER GIGI,PEREMPUAN,31,ORANG,2020
547,32,JAWA BARAT,3215,KABUPATEN KARAWANG,DOKTER GIGI SPESIALIS,LAKI-LAKI,0,ORANG,2020
548,32,JAWA BARAT,3215,KABUPATEN KARAWANG,DOKTER GIGI SPESIALIS,PEREMPUAN,0,ORANG,2020
549,32,JAWA BARAT,3215,KABUPATEN KARAWANG,DOKTER SPESIALIS,LAKI-LAKI,0,ORANG,2020
550,32,JAWA BARAT,3215,KABUPATEN KARAWANG,DOKTER SPESIALIS,PEREMPUAN,0,ORANG,2020
551,32,JAWA BARAT,3215,KABUPATEN KARAWANG,DOKTER UMUM,LAKI-LAKI,60,ORANG,2020
552,32,JAWA BARAT,3215,KABUPATEN KARAWANG,DOKTER UMUM,PEREMPUAN,98,ORANG,2020
553,32,JAWA BARAT,3216,KABUPATEN BEKASI,DOKTER GIGI,LAKI-LAKI,4,ORANG,2020
554,32,JAWA BARAT,3216,KABUPATEN BEKASI,DOKTER GIGI,PEREMPUAN,44,ORANG,2020
555,32,JAWA BARAT,3216,KABUPATEN BEKASI,DOKTER GIGI SPESIALIS,LAKI-LAKI,0,ORANG,2020
556,32,JAWA BARAT,3216,KABUPATEN BEKASI,DOKTER GIGI SPESIALIS,PEREMPUAN,0,ORANG,2020
557,32,JAWA BARAT,3216,KABUPATEN BEKASI,DOKTER SPESIALIS,LAKI-LAKI,0,ORANG,2020
558,32,JAWA BARAT,3216,KABUPATEN BEKASI,DOKTER SPESIALIS,PEREMPUAN,0,ORANG,2020
559,32,JAWA BARAT,3216,KABUPATEN BEKASI,DOKTER UMUM,LAKI-LAKI,28,ORANG,2020
560,32,JAWA BARAT,3216,KABUPATEN BEKASI,DOKTER UMUM,PEREMPUAN,76,ORANG,2020
561,32,JAWA BARAT,3217,KABUPATEN BANDUNG BARAT,DOKTER GIGI,LAKI-LAKI,7,ORANG,2020
562,32,JAWA BARAT,3217,KABUPATEN BANDUNG BARAT,DOKTER GIGI,PEREMPUAN,26,ORANG,2020
563,32,JAWA BARAT,3217,KABUPATEN BANDUNG BARAT,DOKTER GIGI SPESIALIS,LAKI-LAKI,0,ORANG,2020
564,32,JAWA BARAT,3217,KABUPATEN BANDUNG BARAT,DOKTER GIGI SPESIALIS,PEREMPUAN,0,ORANG,2020
565,32,JAWA BARAT,3217,KABUPATEN BANDUNG BARAT,DOKTER SPESIALIS,LAKI-LAKI,0,ORANG,2020
566,32,JAWA BARAT,3217,KABUPATEN BANDUNG BARAT,DOKTER SPESIALIS,PEREMPUAN,0,ORANG,2020
567,32,JAWA BARAT,3217,KABUPATEN BANDUNG BARAT,DOKTER UMUM,LAKI-LAKI,35,ORANG,2020
568,32,JAWA BARAT,3217,KABUPATEN BANDUNG BARAT,DOKTER UMUM,PEREMPUAN,60,ORANG,2020
569,32,JAWA BARAT,3218,KABUPATEN PANGANDARAN,DOKTER GIGI,LAKI-LAKI,6,ORANG,2020
570,32,JAWA BARAT,3218,KABUPATEN PANGANDARAN,DOKTER GIGI,PEREMPUAN,5,ORANG,2020
571,32,JAWA BARAT,3218,KABUPATEN PANGANDARAN,DOKTER GIGI SPESIALIS,LAKI-LAKI,0,ORANG,2020
572,32,JAWA BARAT,3218,KABUPATEN PANGANDARAN,DOKTER GIGI SPESIALIS,PEREMPUAN,0,ORANG,2020
573,32,JAWA BARAT,3218,KABUPATEN PANGANDARAN,DOKTER SPESIALIS,LAKI-LAKI,0,ORANG,2020
574,32,JAWA BARAT,3218,KABUPATEN PANGANDARAN,DOKTER SPESIALIS,PEREMPUAN,0,ORANG,2020
575,32,JAWA BARAT,3218,KABUPATEN PANGANDARAN,DOKTER UMUM,LAKI-LAKI,21,ORANG,2020
576,32,JAWA BARAT,3218,KABUPATEN PANGANDARAN,DOKTER UMUM,PEREMPUAN,25,ORANG,2020
577,32,JAWA BARAT,3271,KOTA BOGOR,DOKTER GIGI,LAKI-LAKI,2,ORANG,2020
578,32,JAWA BARAT,3271,KOTA BOGOR,DOKTER GIGI,PEREMPUAN,40,ORANG,2020
579,32,JAWA BARAT,3271,KOTA BOGOR,DOKTER GIGI SPESIALIS,LAKI-LAKI,0,ORANG,2020
580,32,JAWA BARAT,3271,KOTA BOGOR,DOKTER GIGI SPESIALIS,PEREMPUAN,0,ORANG,2020
581,32,JAWA BARAT,3271,KOTA BOGOR,DOKTER SPESIALIS,LAKI-LAKI,0,ORANG,2020
582,32,JAWA BARAT,3271,KOTA BOGOR,DOKTER SPESIALIS,PEREMPUAN,0,ORANG,2020
583,32,JAWA BARAT,3271,KOTA BOGOR,DOKTER UMUM,LAKI-LAKI,15,ORANG,2020
584,32,JAWA BARAT,3271,KOTA BOGOR,DOKTER UMUM,PEREMPUAN,93,ORANG,2020
585,32,JAWA BARAT,3272,KOTA SUKABUMI,DOKTER GIGI,LAKI-LAKI,4,ORANG,2020
586,32,JAWA BARAT,3272,KOTA SUKABUMI,DOKTER GIGI,PEREMPUAN,8,ORANG,2020
587,32,JAWA BARAT,3272,KOTA SUKABUMI,DOKTER GIGI SPESIALIS,LAKI-LAKI,0,ORANG,2020
588,32,JAWA BARAT,3272,KOTA SUKABUMI,DOKTER GIGI SPESIALIS,PEREMPUAN,0,ORANG,2020
589,32,JAWA BARAT,3272,KOTA SUKABUMI,DOKTER SPESIALIS,LAKI-LAKI,0,ORANG,2020
590,32,JAWA BARAT,3272,KOTA SUKABUMI,DOKTER SPESIALIS,PEREMPUAN,0,ORANG,2020
591,32,JAWA BARAT,3272,KOTA SUKABUMI,DOKTER UMUM,LAKI-LAKI,8,ORANG,2020
592,32,JAWA BARAT,3272,KOTA SUKABUMI,DOKTER UMUM,PEREMPUAN,21,ORANG,2020
593,32,JAWA BARAT,3273,KOTA BANDUNG,DOKTER GIGI,LAKI-LAKI,14,ORANG,2020
594,32,JAWA BARAT,3273,KOTA BANDUNG,DOKTER GIGI,PEREMPUAN,84,ORANG,2020
595,32,JAWA BARAT,3273,KOTA BANDUNG,DOKTER GIGI SPESIALIS,LAKI-LAKI,0,ORANG,2020
596,32,JAWA BARAT,3273,KOTA BANDUNG,DOKTER GIGI SPESIALIS,PEREMPUAN,0,ORANG,2020
597,32,JAWA BARAT,3273,KOTA BANDUNG,DOKTER SPESIALIS,LAKI-LAKI,0,ORANG,2020
598,32,JAWA BARAT,3273,KOTA BANDUNG,DOKTER SPESIALIS,PEREMPUAN,0,ORANG,2020
599,32,JAWA BARAT,3273,KOTA BANDUNG,DOKTER UMUM,LAKI-LAKI,34,ORANG,2020
600,32,JAWA BARAT,3273,KOTA BANDUNG,DOKTER UMUM,PEREMPUAN,165,ORANG,2020
601,32,JAWA BARAT,3274,KOTA CIREBON,DOKTER GIGI,LAKI-LAKI,8,ORANG,2020
602,32,JAWA BARAT,3274,KOTA CIREBON,DOKTER GIGI,PEREMPUAN,35,ORANG,2020
603,32,JAWA BARAT,3274,KOTA CIREBON,DOKTER GIGI SPESIALIS,LAKI-LAKI,0,ORANG,2020
604,32,JAWA BARAT,3274,KOTA CIREBON,DOKTER GIGI SPESIALIS,PEREMPUAN,0,ORANG,2020
605,32,JAWA BARAT,3274,KOTA CIREBON,DOKTER SPESIALIS,LAKI-LAKI,0,ORANG,2020
606,32,JAWA BARAT,3274,KOTA CIREBON,DOKTER SPESIALIS,PEREMPUAN,0,ORANG,2020
607,32,JAWA BARAT,3274,KOTA CIREBON,DOKTER UMUM,LAKI-LAKI,21,ORANG,2020
608,32,JAWA BARAT,3274,KOTA CIREBON,DOKTER UMUM,PEREMPUAN,74,ORANG,2020
609,32,JAWA BARAT,3275,KOTA BEKASI,DOKTER GIGI,LAKI-LAKI,2,ORANG,2020
610,32,JAWA BARAT,3275,KOTA BEKASI,DOKTER GIGI,PEREMPUAN,80,ORANG,2020
611,32,JAWA BARAT,3275,KOTA BEKASI,DOKTER GIGI SPESIALIS,LAKI-LAKI,0,ORANG,2020
612,32,JAWA BARAT,3275,KOTA BEKASI,DOKTER GIGI SPESIALIS,PEREMPUAN,0,ORANG,2020
613,32,JAWA BARAT,3275,KOTA BEKASI,DOKTER SPESIALIS,LAKI-LAKI,0,ORANG,2020
614,32,JAWA BARAT,3275,KOTA BEKASI,DOKTER SPESIALIS,PEREMPUAN,0,ORANG,2020
615,32,JAWA BARAT,3275,KOTA BEKASI,DOKTER UMUM,LAKI-LAKI,21,ORANG,2020
616,32,JAWA BARAT,3275,KOTA BEKASI,DOKTER UMUM,PEREMPUAN,111,ORANG,2020
617,32,JAWA BARAT,3276,KOTA DEPOK,DOKTER GIGI,LAKI-LAKI,1,ORANG,2020
618,32,JAWA BARAT,3276,KOTA DEPOK,DOKTER GIGI,PEREMPUAN,47,ORANG,2020
619,32,JAWA BARAT,3276,KOTA DEPOK,DOKTER GIGI SPESIALIS,LAKI-LAKI,1,ORANG,2020
620,32,JAWA BARAT,3276,KOTA DEPOK,DOKTER GIGI SPESIALIS,PEREMPUAN,1,ORANG,2020
621,32,JAWA BARAT,3276,KOTA DEPOK,DOKTER SPESIALIS,LAKI-LAKI,0,ORANG,2020
622,32,JAWA BARAT,3276,KOTA DEPOK,DOKTER SPESIALIS,PEREMPUAN,0,ORANG,2020
623,32,JAWA BARAT,3276,KOTA DEPOK,DOKTER UMUM,LAKI-LAKI,23,ORANG,2020
624,32,JAWA BARAT,3276,KOTA DEPOK,DOKTER UMUM,PEREMPUAN,108,ORANG,2020
625,32,JAWA BARAT,3277,KOTA CIMAHI,DOKTER GIGI,LAKI-LAKI,0,ORANG,2020
626,32,JAWA BARAT,3277,KOTA CIMAHI,DOKTER GIGI,PEREMPUAN,19,ORANG,2020
627,32,JAWA BARAT,3277,KOTA CIMAHI,DOKTER GIGI SPESIALIS,LAKI-LAKI,0,ORANG,2020
628,32,JAWA BARAT,3277,KOTA CIMAHI,DOKTER GIGI SPESIALIS,PEREMPUAN,0,ORANG,2020
629,32,JAWA BARAT,3277,KOTA CIMAHI,DOKTER SPESIALIS,LAKI-LAKI,0,ORANG,2020
630,32,JAWA BARAT,3277,KOTA CIMAHI,DOKTER SPESIALIS,PEREMPUAN,1,ORANG,2020
631,32,JAWA BARAT,3277,KOTA CIMAHI,DOKTER UMUM,LAKI-LAKI,5,ORANG,2020
632,32,JAWA BARAT,3277,KOTA CIMAHI,DOKTER UMUM,PEREMPUAN,30,ORANG,2020
633,32,JAWA BARAT,3278,KOTA TASIKMALAYA,DOKTER GIGI,LAKI-LAKI,5,ORANG,2020
634,32,JAWA BARAT,3278,KOTA TASIKMALAYA,DOKTER GIGI,PEREMPUAN,17,ORANG,2020
635,32,JAWA BARAT,3278,KOTA TASIKMALAYA,DOKTER GIGI SPESIALIS,LAKI-LAKI,0,ORANG,2020
636,32,JAWA BARAT,3278,KOTA TASIKMALAYA,DOKTER GIGI SPESIALIS,PEREMPUAN,0,ORANG,2020
637,32,JAWA BARAT,3278,KOTA TASIKMALAYA,DOKTER SPESIALIS,LAKI-LAKI,0,ORANG,2020
638,32,JAWA BARAT,3278,KOTA TASIKMALAYA,DOKTER SPESIALIS,PEREMPUAN,0,ORANG,2020
639,32,JAWA BARAT,3278,KOTA TASIKMALAYA,DOKTER UMUM,LAKI-LAKI,10,ORANG,2020
640,32,JAWA BARAT,3278,KOTA TASIKMALAYA,DOKTER UMUM,PEREMPUAN,19,ORANG,2020
641,32,JAWA BARAT,3279,KOTA BANJAR,DOKTER GIGI,LAKI-LAKI,2,ORANG,2020
642,32,JAWA BARAT,3279,KOTA BANJAR,DOKTER GIGI,PEREMPUAN,8,ORANG,2020
643,32,JAWA BARAT,3279,KOTA BANJAR,DOKTER GIGI SPESIALIS,LAKI-LAKI,0,ORANG,2020
644,32,JAWA BARAT,3279,KOTA BANJAR,DOKTER GIGI SPESIALIS,PEREMPUAN,0,ORANG,2020
645,32,JAWA BARAT,3279,KOTA BANJAR,DOKTER SPESIALIS,LAKI-LAKI,0,ORANG,2020
646,32,JAWA BARAT,3279,KOTA BANJAR,DOKTER SPESIALIS,PEREMPUAN,0,ORANG,2020
647,32,JAWA BARAT,3279,KOTA BANJAR,DOKTER UMUM,LAKI-LAKI,7,ORANG,2020
648,32,JAWA BARAT,3279,KOTA BANJAR,DOKTER UMUM,PEREMPUAN,16,ORANG,2020
649,32,JAWA BARAT,3201,KABUPATEN BOGOR,DOKTER GIGI,LAKI-LAKI,6,ORANG,2021
650,32,JAWA BARAT,3201,KABUPATEN BOGOR,DOKTER GIGI,PEREMPUAN,62,ORANG,2021
651,32,JAWA BARAT,3201,KABUPATEN BOGOR,DOKTER GIGI SPESIALIS,LAKI-LAKI,0,ORANG,2021
652,32,JAWA BARAT,3201,KABUPATEN BOGOR,DOKTER GIGI SPESIALIS,PEREMPUAN,0,ORANG,2021
653,32,JAWA BARAT,3201,KABUPATEN BOGOR,DOKTER SPESIALIS,LAKI-LAKI,0,ORANG,2021
654,32,JAWA BARAT,3201,KABUPATEN BOGOR,DOKTER SPESIALIS,PEREMPUAN,0,ORANG,2021
655,32,JAWA BARAT,3201,KABUPATEN BOGOR,DOKTER UMUM,LAKI-LAKI,74,ORANG,2021
656,32,JAWA BARAT,3201,KABUPATEN BOGOR,DOKTER UMUM,PEREMPUAN,156,ORANG,2021
657,32,JAWA BARAT,3202,KABUPATEN SUKABUMI,DOKTER GIGI,LAKI-LAKI,10,ORANG,2021
658,32,JAWA BARAT,3202,KABUPATEN SUKABUMI,DOKTER GIGI,PEREMPUAN,19,ORANG,2021
659,32,JAWA BARAT,3202,KABUPATEN SUKABUMI,DOKTER GIGI SPESIALIS,LAKI-LAKI,0,ORANG,2021
660,32,JAWA BARAT,3202,KABUPATEN SUKABUMI,DOKTER GIGI SPESIALIS,PEREMPUAN,0,ORANG,2021
661,32,JAWA BARAT,3202,KABUPATEN SUKABUMI,DOKTER SPESIALIS,LAKI-LAKI,0,ORANG,2021
662,32,JAWA BARAT,3202,KABUPATEN SUKABUMI,DOKTER SPESIALIS,PEREMPUAN,0,ORANG,2021
663,32,JAWA BARAT,3202,KABUPATEN SUKABUMI,DOKTER UMUM,LAKI-LAKI,60,ORANG,2021
664,32,JAWA BARAT,3202,KABUPATEN SUKABUMI,DOKTER UMUM,PEREMPUAN,70,ORANG,2021
665,32,JAWA BARAT,3203,KABUPATEN CIANJUR,DOKTER GIGI,LAKI-LAKI,15,ORANG,2021
666,32,JAWA BARAT,3203,KABUPATEN CIANJUR,DOKTER GIGI,PEREMPUAN,51,ORANG,2021
667,32,JAWA BARAT,3203,KABUPATEN CIANJUR,DOKTER GIGI SPESIALIS,LAKI-LAKI,0,ORANG,2021
668,32,JAWA BARAT,3203,KABUPATEN CIANJUR,DOKTER GIGI SPESIALIS,PEREMPUAN,0,ORANG,2021
669,32,JAWA BARAT,3203,KABUPATEN CIANJUR,DOKTER SPESIALIS,LAKI-LAKI,0,ORANG,2021
670,32,JAWA BARAT,3203,KABUPATEN CIANJUR,DOKTER SPESIALIS,PEREMPUAN,0,ORANG,2021
671,32,JAWA BARAT,3203,KABUPATEN CIANJUR,DOKTER UMUM,LAKI-LAKI,51,ORANG,2021
672,32,JAWA BARAT,3203,KABUPATEN CIANJUR,DOKTER UMUM,PEREMPUAN,53,ORANG,2021
673,32,JAWA BARAT,3204,KABUPATEN BANDUNG,DOKTER GIGI,LAKI-LAKI,11,ORANG,2021
674,32,JAWA BARAT,3204,KABUPATEN BANDUNG,DOKTER GIGI,PEREMPUAN,62,ORANG,2021
675,32,JAWA BARAT,3204,KABUPATEN BANDUNG,DOKTER GIGI SPESIALIS,LAKI-LAKI,0,ORANG,2021
676,32,JAWA BARAT,3204,KABUPATEN BANDUNG,DOKTER GIGI SPESIALIS,PEREMPUAN,0,ORANG,2021
677,32,JAWA BARAT,3204,KABUPATEN BANDUNG,DOKTER SPESIALIS,LAKI-LAKI,0,ORANG,2021
678,32,JAWA BARAT,3204,KABUPATEN BANDUNG,DOKTER SPESIALIS,PEREMPUAN,0,ORANG,2021
679,32,JAWA BARAT,3204,KABUPATEN BANDUNG,DOKTER UMUM,LAKI-LAKI,66,ORANG,2021
680,32,JAWA BARAT,3204,KABUPATEN BANDUNG,DOKTER UMUM,PEREMPUAN,133,ORANG,2021
681,32,JAWA BARAT,3205,KABUPATEN GARUT,DOKTER GIGI,LAKI-LAKI,7,ORANG,2021
682,32,JAWA BARAT,3205,KABUPATEN GARUT,DOKTER GIGI,PEREMPUAN,21,ORANG,2021
683,32,JAWA BARAT,3205,KABUPATEN GARUT,DOKTER GIGI SPESIALIS,LAKI-LAKI,0,ORANG,2021
684,32,JAWA BARAT,3205,KABUPATEN GARUT,DOKTER GIGI SPESIALIS,PEREMPUAN,0,ORANG,2021
685,32,JAWA BARAT,3205,KABUPATEN GARUT,DOKTER SPESIALIS,LAKI-LAKI,0,ORANG,2021
686,32,JAWA BARAT,3205,KABUPATEN GARUT,DOKTER SPESIALIS,PEREMPUAN,0,ORANG,2021
687,32,JAWA BARAT,3205,KABUPATEN GARUT,DOKTER UMUM,LAKI-LAKI,54,ORANG,2021
688,32,JAWA BARAT,3205,KABUPATEN GARUT,DOKTER UMUM,PEREMPUAN,94,ORANG,2021
689,32,JAWA BARAT,3206,KABUPATEN TASIKMALAYA,DOKTER GIGI,LAKI-LAKI,6,ORANG,2021
690,32,JAWA BARAT,3206,KABUPATEN TASIKMALAYA,DOKTER GIGI,PEREMPUAN,15,ORANG,2021
691,32,JAWA BARAT,3206,KABUPATEN TASIKMALAYA,DOKTER GIGI SPESIALIS,LAKI-LAKI,0,ORANG,2021
692,32,JAWA BARAT,3206,KABUPATEN TASIKMALAYA,DOKTER GIGI SPESIALIS,PEREMPUAN,0,ORANG,2021
693,32,JAWA BARAT,3206,KABUPATEN TASIKMALAYA,DOKTER SPESIALIS,LAKI-LAKI,0,ORANG,2021
694,32,JAWA BARAT,3206,KABUPATEN TASIKMALAYA,DOKTER SPESIALIS,PEREMPUAN,0,ORANG,2021
695,32,JAWA BARAT,3206,KABUPATEN TASIKMALAYA,DOKTER UMUM,LAKI-LAKI,35,ORANG,2021
696,32,JAWA BARAT,3206,KABUPATEN TASIKMALAYA,DOKTER UMUM,PEREMPUAN,51,ORANG,2021
697,32,JAWA BARAT,3207,KABUPATEN CIAMIS,DOKTER GIGI,LAKI-LAKI,6,ORANG,2021
698,32,JAWA BARAT,3207,KABUPATEN CIAMIS,DOKTER GIGI,PEREMPUAN,21,ORANG,2021
699,32,JAWA BARAT,3207,KABUPATEN CIAMIS,DOKTER GIGI SPESIALIS,LAKI-LAKI,0,ORANG,2021
700,32,JAWA BARAT,3207,KABUPATEN CIAMIS,DOKTER GIGI SPESIALIS,PEREMPUAN,0,ORANG,2021
701,32,JAWA BARAT,3207,KABUPATEN CIAMIS,DOKTER SPESIALIS,LAKI-LAKI,61,ORANG,2021
702,32,JAWA BARAT,3207,KABUPATEN CIAMIS,DOKTER SPESIALIS,PEREMPUAN,29,ORANG,2021
703,32,JAWA BARAT,3207,KABUPATEN CIAMIS,DOKTER UMUM,LAKI-LAKI,64,ORANG,2021
704,32,JAWA BARAT,3207,KABUPATEN CIAMIS,DOKTER UMUM,PEREMPUAN,74,ORANG,2021
705,32,JAWA BARAT,3208,KABUPATEN KUNINGAN,DOKTER GIGI,LAKI-LAKI,5,ORANG,2021
706,32,JAWA BARAT,3208,KABUPATEN KUNINGAN,DOKTER GIGI,PEREMPUAN,11,ORANG,2021
707,32,JAWA BARAT,3208,KABUPATEN KUNINGAN,DOKTER GIGI SPESIALIS,LAKI-LAKI,0,ORANG,2021
708,32,JAWA BARAT,3208,KABUPATEN KUNINGAN,DOKTER GIGI SPESIALIS,PEREMPUAN,0,ORANG,2021
709,32,JAWA BARAT,3208,KABUPATEN KUNINGAN,DOKTER SPESIALIS,LAKI-LAKI,0,ORANG,2021
710,32,JAWA BARAT,3208,KABUPATEN KUNINGAN,DOKTER SPESIALIS,PEREMPUAN,0,ORANG,2021
711,32,JAWA BARAT,3208,KABUPATEN KUNINGAN,DOKTER UMUM,LAKI-LAKI,32,ORANG,2021
712,32,JAWA BARAT,3208,KABUPATEN KUNINGAN,DOKTER UMUM,PEREMPUAN,39,ORANG,2021
713,32,JAWA BARAT,3209,KABUPATEN CIREBON,DOKTER GIGI,LAKI-LAKI,11,ORANG,2021
714,32,JAWA BARAT,3209,KABUPATEN CIREBON,DOKTER GIGI,PEREMPUAN,32,ORANG,2021
715,32,JAWA BARAT,3209,KABUPATEN CIREBON,DOKTER GIGI SPESIALIS,LAKI-LAKI,0,ORANG,2021
716,32,JAWA BARAT,3209,KABUPATEN CIREBON,DOKTER GIGI SPESIALIS,PEREMPUAN,0,ORANG,2021
717,32,JAWA BARAT,3209,KABUPATEN CIREBON,DOKTER SPESIALIS,LAKI-LAKI,0,ORANG,2021
718,32,JAWA BARAT,3209,KABUPATEN CIREBON,DOKTER SPESIALIS,PEREMPUAN,0,ORANG,2021
719,32,JAWA BARAT,3209,KABUPATEN CIREBON,DOKTER UMUM,LAKI-LAKI,54,ORANG,2021
720,32,JAWA BARAT,3209,KABUPATEN CIREBON,DOKTER UMUM,PEREMPUAN,88,ORANG,2021
721,32,JAWA BARAT,3210,KABUPATEN MAJALENGKA,DOKTER GIGI,LAKI-LAKI,7,ORANG,2021
722,32,JAWA BARAT,3210,KABUPATEN MAJALENGKA,DOKTER GIGI,PEREMPUAN,11,ORANG,2021
723,32,JAWA BARAT,3210,KABUPATEN MAJALENGKA,DOKTER GIGI SPESIALIS,LAKI-LAKI,0,ORANG,2021
724,32,JAWA BARAT,3210,KABUPATEN MAJALENGKA,DOKTER GIGI SPESIALIS,PEREMPUAN,0,ORANG,2021
725,32,JAWA BARAT,3210,KABUPATEN MAJALENGKA,DOKTER SPESIALIS,LAKI-LAKI,0,ORANG,2021
726,32,JAWA BARAT,3210,KABUPATEN MAJALENGKA,DOKTER SPESIALIS,PEREMPUAN,0,ORANG,2021
727,32,JAWA BARAT,3210,KABUPATEN MAJALENGKA,DOKTER UMUM,LAKI-LAKI,27,ORANG,2021
728,32,JAWA BARAT,3210,KABUPATEN MAJALENGKA,DOKTER UMUM,PEREMPUAN,39,ORANG,2021
729,32,JAWA BARAT,3211,KABUPATEN SUMEDANG,DOKTER GIGI,LAKI-LAKI,3,ORANG,2021
730,32,JAWA BARAT,3211,KABUPATEN SUMEDANG,DOKTER GIGI,PEREMPUAN,15,ORANG,2021
731,32,JAWA BARAT,3211,KABUPATEN SUMEDANG,DOKTER GIGI SPESIALIS,LAKI-LAKI,0,ORANG,2021
732,32,JAWA BARAT,3211,KABUPATEN SUMEDANG,DOKTER GIGI SPESIALIS,PEREMPUAN,0,ORANG,2021
733,32,JAWA BARAT,3211,KABUPATEN SUMEDANG,DOKTER SPESIALIS,LAKI-LAKI,0,ORANG,2021
734,32,JAWA BARAT,3211,KABUPATEN SUMEDANG,DOKTER SPESIALIS,PEREMPUAN,0,ORANG,2021
735,32,JAWA BARAT,3211,KABUPATEN SUMEDANG,DOKTER UMUM,LAKI-LAKI,23,ORANG,2021
736,32,JAWA BARAT,3211,KABUPATEN SUMEDANG,DOKTER UMUM,PEREMPUAN,43,ORANG,2021
737,32,JAWA BARAT,3212,KABUPATEN INDRAMAYU,DOKTER GIGI,LAKI-LAKI,7,ORANG,2021
738,32,JAWA BARAT,3212,KABUPATEN INDRAMAYU,DOKTER GIGI,PEREMPUAN,25,ORANG,2021
739,32,JAWA BARAT,3212,KABUPATEN INDRAMAYU,DOKTER GIGI SPESIALIS,LAKI-LAKI,0,ORANG,2021
740,32,JAWA BARAT,3212,KABUPATEN INDRAMAYU,DOKTER GIGI SPESIALIS,PEREMPUAN,0,ORANG,2021
741,32,JAWA BARAT,3212,KABUPATEN INDRAMAYU,DOKTER SPESIALIS,LAKI-LAKI,0,ORANG,2021
742,32,JAWA BARAT,3212,KABUPATEN INDRAMAYU,DOKTER SPESIALIS,PEREMPUAN,0,ORANG,2021
743,32,JAWA BARAT,3212,KABUPATEN INDRAMAYU,DOKTER UMUM,LAKI-LAKI,34,ORANG,2021
744,32,JAWA BARAT,3212,KABUPATEN INDRAMAYU,DOKTER UMUM,PEREMPUAN,53,ORANG,2021
745,32,JAWA BARAT,3213,KABUPATEN SUBANG,DOKTER GIGI,LAKI-LAKI,6,ORANG,2021
746,32,JAWA BARAT,3213,KABUPATEN SUBANG,DOKTER GIGI,PEREMPUAN,25,ORANG,2021
747,32,JAWA BARAT,3213,KABUPATEN SUBANG,DOKTER GIGI SPESIALIS,LAKI-LAKI,1,ORANG,2021
748,32,JAWA BARAT,3213,KABUPATEN SUBANG,DOKTER GIGI SPESIALIS,PEREMPUAN,0,ORANG,2021
749,32,JAWA BARAT,3213,KABUPATEN SUBANG,DOKTER SPESIALIS,LAKI-LAKI,0,ORANG,2021
750,32,JAWA BARAT,3213,KABUPATEN SUBANG,DOKTER SPESIALIS,PEREMPUAN,0,ORANG,2021
751,32,JAWA BARAT,3213,KABUPATEN SUBANG,DOKTER UMUM,LAKI-LAKI,82,ORANG,2021
752,32,JAWA BARAT,3213,KABUPATEN SUBANG,DOKTER UMUM,PEREMPUAN,94,ORANG,2021
753,32,JAWA BARAT,3214,KABUPATEN PURWAKARTA,DOKTER GIGI,LAKI-LAKI,4,ORANG,2021
754,32,JAWA BARAT,3214,KABUPATEN PURWAKARTA,DOKTER GIGI,PEREMPUAN,13,ORANG,2021
755,32,JAWA BARAT,3214,KABUPATEN PURWAKARTA,DOKTER GIGI SPESIALIS,LAKI-LAKI,0,ORANG,2021
756,32,JAWA BARAT,3214,KABUPATEN PURWAKARTA,DOKTER GIGI SPESIALIS,PEREMPUAN,0,ORANG,2021
757,32,JAWA BARAT,3214,KABUPATEN PURWAKARTA,DOKTER SPESIALIS,LAKI-LAKI,0,ORANG,2021
758,32,JAWA BARAT,3214,KABUPATEN PURWAKARTA,DOKTER SPESIALIS,PEREMPUAN,0,ORANG,2021
759,32,JAWA BARAT,3214,KABUPATEN PURWAKARTA,DOKTER UMUM,LAKI-LAKI,21,ORANG,2021
760,32,JAWA BARAT,3214,KABUPATEN PURWAKARTA,DOKTER UMUM,PEREMPUAN,46,ORANG,2021
761,32,JAWA BARAT,3215,KABUPATEN KARAWANG,DOKTER GIGI,LAKI-LAKI,8,ORANG,2021
762,32,JAWA BARAT,3215,KABUPATEN KARAWANG,DOKTER GIGI,PEREMPUAN,30,ORANG,2021
763,32,JAWA BARAT,3215,KABUPATEN KARAWANG,DOKTER GIGI SPESIALIS,LAKI-LAKI,0,ORANG,2021
764,32,JAWA BARAT,3215,KABUPATEN KARAWANG,DOKTER GIGI SPESIALIS,PEREMPUAN,0,ORANG,2021
765,32,JAWA BARAT,3215,KABUPATEN KARAWANG,DOKTER SPESIALIS,LAKI-LAKI,0,ORANG,2021
766,32,JAWA BARAT,3215,KABUPATEN KARAWANG,DOKTER SPESIALIS,PEREMPUAN,0,ORANG,2021
767,32,JAWA BARAT,3215,KABUPATEN KARAWANG,DOKTER UMUM,LAKI-LAKI,54,ORANG,2021
768,32,JAWA BARAT,3215,KABUPATEN KARAWANG,DOKTER UMUM,PEREMPUAN,85,ORANG,2021
769,32,JAWA BARAT,3216,KABUPATEN BEKASI,DOKTER GIGI,LAKI-LAKI,4,ORANG,2021
770,32,JAWA BARAT,3216,KABUPATEN BEKASI,DOKTER GIGI,PEREMPUAN,42,ORANG,2021
771,32,JAWA BARAT,3216,KABUPATEN BEKASI,DOKTER GIGI SPESIALIS,LAKI-LAKI,0,ORANG,2021
772,32,JAWA BARAT,3216,KABUPATEN BEKASI,DOKTER GIGI SPESIALIS,PEREMPUAN,0,ORANG,2021
773,32,JAWA BARAT,3216,KABUPATEN BEKASI,DOKTER SPESIALIS,LAKI-LAKI,0,ORANG,2021
774,32,JAWA BARAT,3216,KABUPATEN BEKASI,DOKTER SPESIALIS,PEREMPUAN,0,ORANG,2021
775,32,JAWA BARAT,3216,KABUPATEN BEKASI,DOKTER UMUM,LAKI-LAKI,28,ORANG,2021
776,32,JAWA BARAT,3216,KABUPATEN BEKASI,DOKTER UMUM,PEREMPUAN,81,ORANG,2021
777,32,JAWA BARAT,3217,KABUPATEN BANDUNG BARAT,DOKTER GIGI,LAKI-LAKI,7,ORANG,2021
778,32,JAWA BARAT,3217,KABUPATEN BANDUNG BARAT,DOKTER GIGI,PEREMPUAN,26,ORANG,2021
779,32,JAWA BARAT,3217,KABUPATEN BANDUNG BARAT,DOKTER GIGI SPESIALIS,LAKI-LAKI,0,ORANG,2021
780,32,JAWA BARAT,3217,KABUPATEN BANDUNG BARAT,DOKTER GIGI SPESIALIS,PEREMPUAN,0,ORANG,2021
781,32,JAWA BARAT,3217,KABUPATEN BANDUNG BARAT,DOKTER SPESIALIS,LAKI-LAKI,0,ORANG,2021
782,32,JAWA BARAT,3217,KABUPATEN BANDUNG BARAT,DOKTER SPESIALIS,PEREMPUAN,0,ORANG,2021
783,32,JAWA BARAT,3217,KABUPATEN BANDUNG BARAT,DOKTER UMUM,LAKI-LAKI,35,ORANG,2021
784,32,JAWA BARAT,3217,KABUPATEN BANDUNG BARAT,DOKTER UMUM,PEREMPUAN,60,ORANG,2021
785,32,JAWA BARAT,3218,KABUPATEN PANGANDARAN,DOKTER GIGI,LAKI-LAKI,6,ORANG,2021
786,32,JAWA BARAT,3218,KABUPATEN PANGANDARAN,DOKTER GIGI,PEREMPUAN,6,ORANG,2021
787,32,JAWA BARAT,3218,KABUPATEN PANGANDARAN,DOKTER GIGI SPESIALIS,LAKI-LAKI,1,ORANG,2021
788,32,JAWA BARAT,3218,KABUPATEN PANGANDARAN,DOKTER GIGI SPESIALIS,PEREMPUAN,1,ORANG,2021
789,32,JAWA BARAT,3218,KABUPATEN PANGANDARAN,DOKTER SPESIALIS,LAKI-LAKI,13,ORANG,2021
790,32,JAWA BARAT,3218,KABUPATEN PANGANDARAN,DOKTER SPESIALIS,PEREMPUAN,6,ORANG,2021
791,32,JAWA BARAT,3218,KABUPATEN PANGANDARAN,DOKTER UMUM,LAKI-LAKI,28,ORANG,2021
792,32,JAWA BARAT,3218,KABUPATEN PANGANDARAN,DOKTER UMUM,PEREMPUAN,27,ORANG,2021
793,32,JAWA BARAT,3271,KOTA BOGOR,DOKTER GIGI,LAKI-LAKI,1,ORANG,2021
794,32,JAWA BARAT,3271,KOTA BOGOR,DOKTER GIGI,PEREMPUAN,45,ORANG,2021
795,32,JAWA BARAT,3271,KOTA BOGOR,DOKTER GIGI SPESIALIS,LAKI-LAKI,0,ORANG,2021
796,32,JAWA BARAT,3271,KOTA BOGOR,DOKTER GIGI SPESIALIS,PEREMPUAN,0,ORANG,2021
797,32,JAWA BARAT,3271,KOTA BOGOR,DOKTER SPESIALIS,LAKI-LAKI,0,ORANG,2021
798,32,JAWA BARAT,3271,KOTA BOGOR,DOKTER SPESIALIS,PEREMPUAN,0,ORANG,2021
799,32,JAWA BARAT,3271,KOTA BOGOR,DOKTER UMUM,LAKI-LAKI,9,ORANG,2021
800,32,JAWA BARAT,3271,KOTA BOGOR,DOKTER UMUM,PEREMPUAN,85,ORANG,2021
801,32,JAWA BARAT,3272,KOTA SUKABUMI,DOKTER GIGI,LAKI-LAKI,5,ORANG,2021
802,32,JAWA BARAT,3272,KOTA SUKABUMI,DOKTER GIGI,PEREMPUAN,7,ORANG,2021
803,32,JAWA BARAT,3272,KOTA SUKABUMI,DOKTER GIGI SPESIALIS,LAKI-LAKI,0,ORANG,2021
804,32,JAWA BARAT,3272,KOTA SUKABUMI,DOKTER GIGI SPESIALIS,PEREMPUAN,0,ORANG,2021
805,32,JAWA BARAT,3272,KOTA SUKABUMI,DOKTER SPESIALIS,LAKI-LAKI,0,ORANG,2021
806,32,JAWA BARAT,3272,KOTA SUKABUMI,DOKTER SPESIALIS,PEREMPUAN,0,ORANG,2021
807,32,JAWA BARAT,3272,KOTA SUKABUMI,DOKTER UMUM,LAKI-LAKI,7,ORANG,2021
808,32,JAWA BARAT,3272,KOTA SUKABUMI,DOKTER UMUM,PEREMPUAN,24,ORANG,2021
809,32,JAWA BARAT,3273,KOTA BANDUNG,DOKTER GIGI,LAKI-LAKI,12,ORANG,2021
810,32,JAWA BARAT,3273,KOTA BANDUNG,DOKTER GIGI,PEREMPUAN,77,ORANG,2021
811,32,JAWA BARAT,3273,KOTA BANDUNG,DOKTER GIGI SPESIALIS,LAKI-LAKI,0,ORANG,2021
812,32,JAWA BARAT,3273,KOTA BANDUNG,DOKTER GIGI SPESIALIS,PEREMPUAN,0,ORANG,2021
813,32,JAWA BARAT,3273,KOTA BANDUNG,DOKTER SPESIALIS,LAKI-LAKI,0,ORANG,2021
814,32,JAWA BARAT,3273,KOTA BANDUNG,DOKTER SPESIALIS,PEREMPUAN,0,ORANG,2021
815,32,JAWA BARAT,3273,KOTA BANDUNG,DOKTER UMUM,LAKI-LAKI,49,ORANG,2021
816,32,JAWA BARAT,3273,KOTA BANDUNG,DOKTER UMUM,PEREMPUAN,162,ORANG,2021
817,32,JAWA BARAT,3274,KOTA CIREBON,DOKTER GIGI,LAKI-LAKI,8,ORANG,2021
818,32,JAWA BARAT,3274,KOTA CIREBON,DOKTER GIGI,PEREMPUAN,35,ORANG,2021
819,32,JAWA BARAT,3274,KOTA CIREBON,DOKTER GIGI SPESIALIS,LAKI-LAKI,0,ORANG,2021
820,32,JAWA BARAT,3274,KOTA CIREBON,DOKTER GIGI SPESIALIS,PEREMPUAN,0,ORANG,2021
821,32,JAWA BARAT,3274,KOTA CIREBON,DOKTER SPESIALIS,LAKI-LAKI,0,ORANG,2021
822,32,JAWA BARAT,3274,KOTA CIREBON,DOKTER SPESIALIS,PEREMPUAN,0,ORANG,2021
823,32,JAWA BARAT,3274,KOTA CIREBON,DOKTER UMUM,LAKI-LAKI,20,ORANG,2021
824,32,JAWA BARAT,3274,KOTA CIREBON,DOKTER UMUM,PEREMPUAN,66,ORANG,2021
825,32,JAWA BARAT,3275,KOTA BEKASI,DOKTER GIGI,LAKI-LAKI,7,ORANG,2021
826,32,JAWA BARAT,3275,KOTA BEKASI,DOKTER GIGI,PEREMPUAN,78,ORANG,2021
827,32,JAWA BARAT,3275,KOTA BEKASI,DOKTER GIGI SPESIALIS,LAKI-LAKI,0,ORANG,2021
828,32,JAWA BARAT,3275,KOTA BEKASI,DOKTER GIGI SPESIALIS,PEREMPUAN,0,ORANG,2021
829,32,JAWA BARAT,3275,KOTA BEKASI,DOKTER SPESIALIS,LAKI-LAKI,0,ORANG,2021
830,32,JAWA BARAT,3275,KOTA BEKASI,DOKTER SPESIALIS,PEREMPUAN,0,ORANG,2021
831,32,JAWA BARAT,3275,KOTA BEKASI,DOKTER UMUM,LAKI-LAKI,21,ORANG,2021
832,32,JAWA BARAT,3275,KOTA BEKASI,DOKTER UMUM,PEREMPUAN,110,ORANG,2021
833,32,JAWA BARAT,3276,KOTA DEPOK,DOKTER GIGI,LAKI-LAKI,1,ORANG,2021
834,32,JAWA BARAT,3276,KOTA DEPOK,DOKTER GIGI,PEREMPUAN,47,ORANG,2021
835,32,JAWA BARAT,3276,KOTA DEPOK,DOKTER GIGI SPESIALIS,LAKI-LAKI,1,ORANG,2021
836,32,JAWA BARAT,3276,KOTA DEPOK,DOKTER GIGI SPESIALIS,PEREMPUAN,1,ORANG,2021
837,32,JAWA BARAT,3276,KOTA DEPOK,DOKTER SPESIALIS,LAKI-LAKI,0,ORANG,2021
838,32,JAWA BARAT,3276,KOTA DEPOK,DOKTER SPESIALIS,PEREMPUAN,0,ORANG,2021
839,32,JAWA BARAT,3276,KOTA DEPOK,DOKTER UMUM,LAKI-LAKI,23,ORANG,2021
840,32,JAWA BARAT,3276,KOTA DEPOK,DOKTER UMUM,PEREMPUAN,108,ORANG,2021
841,32,JAWA BARAT,3277,KOTA CIMAHI,DOKTER GIGI,LAKI-LAKI,0,ORANG,2021
842,32,JAWA BARAT,3277,KOTA CIMAHI,DOKTER GIGI,PEREMPUAN,17,ORANG,2021
843,32,JAWA BARAT,3277,KOTA CIMAHI,DOKTER GIGI SPESIALIS,LAKI-LAKI,0,ORANG,2021
844,32,JAWA BARAT,3277,KOTA CIMAHI,DOKTER GIGI SPESIALIS,PEREMPUAN,0,ORANG,2021
845,32,JAWA BARAT,3277,KOTA CIMAHI,DOKTER SPESIALIS,LAKI-LAKI,0,ORANG,2021
846,32,JAWA BARAT,3277,KOTA CIMAHI,DOKTER SPESIALIS,PEREMPUAN,1,ORANG,2021
847,32,JAWA BARAT,3277,KOTA CIMAHI,DOKTER UMUM,LAKI-LAKI,11,ORANG,2021
848,32,JAWA BARAT,3277,KOTA CIMAHI,DOKTER UMUM,PEREMPUAN,41,ORANG,2021
849,32,JAWA BARAT,3278,KOTA TASIKMALAYA,DOKTER GIGI,LAKI-LAKI,4,ORANG,2021
850,32,JAWA BARAT,3278,KOTA TASIKMALAYA,DOKTER GIGI,PEREMPUAN,18,ORANG,2021
851,32,JAWA BARAT,3278,KOTA TASIKMALAYA,DOKTER GIGI SPESIALIS,LAKI-LAKI,0,ORANG,2021
852,32,JAWA BARAT,3278,KOTA TASIKMALAYA,DOKTER GIGI SPESIALIS,PEREMPUAN,0,ORANG,2021
853,32,JAWA BARAT,3278,KOTA TASIKMALAYA,DOKTER SPESIALIS,LAKI-LAKI,0,ORANG,2021
854,32,JAWA BARAT,3278,KOTA TASIKMALAYA,DOKTER SPESIALIS,PEREMPUAN,0,ORANG,2021
855,32,JAWA BARAT,3278,KOTA TASIKMALAYA,DOKTER UMUM,LAKI-LAKI,16,ORANG,2021
856,32,JAWA BARAT,3278,KOTA TASIKMALAYA,DOKTER UMUM,PEREMPUAN,34,ORANG,2021
857,32,JAWA BARAT,3279,KOTA BANJAR,DOKTER GIGI,LAKI-LAKI,2,ORANG,2021
858,32,JAWA BARAT,3279,KOTA BANJAR,DOKTER GIGI,PEREMPUAN,6,ORANG,2021
859,32,JAWA BARAT,3279,KOTA BANJAR,DOKTER GIGI SPESIALIS,LAKI-LAKI,0,ORANG,2021
860,32,JAWA BARAT,3279,KOTA BANJAR,DOKTER GIGI SPESIALIS,PEREMPUAN,0,ORANG,2021
861,32,JAWA BARAT,3279,KOTA BANJAR,DOKTER SPESIALIS,LAKI-LAKI,0,ORANG,2021
862,32,JAWA BARAT,3279,KOTA BANJAR,DOKTER SPESIALIS,PEREMPUAN,0,ORANG,2021
863,32,JAWA BARAT,3279,KOTA BANJAR,DOKTER UMUM,LAKI-LAKI,10,ORANG,2021
864,32,JAWA BARAT,3279,KOTA BANJAR,DOKTER UMUM,PEREMPUAN,15,ORANG,2021
865,32,JAWA BARAT,3201,KABUPATEN BOGOR,DOKTER GIGI,LAKI-LAKI,5,ORANG,2022
866,32,JAWA BARAT,3201,KABUPATEN BOGOR,DOKTER GIGI,PEREMPUAN,69,ORANG,2022
867,32,JAWA BARAT,3201,KABUPATEN BOGOR,DOKTER GIGI SPESIALIS,LAKI-LAKI,0,ORANG,2022
868,32,JAWA BARAT,3201,KABUPATEN BOGOR,DOKTER GIGI SPESIALIS,PEREMPUAN,0,ORANG,2022
869,32,JAWA BARAT,3201,KABUPATEN BOGOR,DOKTER SPESIALIS,LAKI-LAKI,0,ORANG,2022
870,32,JAWA BARAT,3201,KABUPATEN BOGOR,DOKTER SPESIALIS,PEREMPUAN,0,ORANG,2022
871,32,JAWA BARAT,3201,KABUPATEN BOGOR,DOKTER UMUM,LAKI-LAKI,81,ORANG,2022
872,32,JAWA BARAT,3201,KABUPATEN BOGOR,DOKTER UMUM,PEREMPUAN,173,ORANG,2022
873,32,JAWA BARAT,3202,KABUPATEN SUKABUMI,DOKTER GIGI,LAKI-LAKI,11,ORANG,2022
874,32,JAWA BARAT,3202,KABUPATEN SUKABUMI,DOKTER GIGI,PEREMPUAN,21,ORANG,2022
875,32,JAWA BARAT,3202,KABUPATEN SUKABUMI,DOKTER GIGI SPESIALIS,LAKI-LAKI,0,ORANG,2022
876,32,JAWA BARAT,3202,KABUPATEN SUKABUMI,DOKTER GIGI SPESIALIS,PEREMPUAN,0,ORANG,2022
877,32,JAWA BARAT,3202,KABUPATEN SUKABUMI,DOKTER SPESIALIS,LAKI-LAKI,0,ORANG,2022
878,32,JAWA BARAT,3202,KABUPATEN SUKABUMI,DOKTER SPESIALIS,PEREMPUAN,0,ORANG,2022
879,32,JAWA BARAT,3202,KABUPATEN SUKABUMI,DOKTER UMUM,LAKI-LAKI,54,ORANG,2022
880,32,JAWA BARAT,3202,KABUPATEN SUKABUMI,DOKTER UMUM,PEREMPUAN,86,ORANG,2022
881,32,JAWA BARAT,3203,KABUPATEN CIANJUR,DOKTER GIGI,LAKI-LAKI,9,ORANG,2022
882,32,JAWA BARAT,3203,KABUPATEN CIANJUR,DOKTER GIGI,PEREMPUAN,27,ORANG,2022
883,32,JAWA BARAT,3203,KABUPATEN CIANJUR,DOKTER GIGI SPESIALIS,LAKI-LAKI,0,ORANG,2022
884,32,JAWA BARAT,3203,KABUPATEN CIANJUR,DOKTER GIGI SPESIALIS,PEREMPUAN,0,ORANG,2022
885,32,JAWA BARAT,3203,KABUPATEN CIANJUR,DOKTER SPESIALIS,LAKI-LAKI,0,ORANG,2022
886,32,JAWA BARAT,3203,KABUPATEN CIANJUR,DOKTER SPESIALIS,PEREMPUAN,0,ORANG,2022
887,32,JAWA BARAT,3203,KABUPATEN CIANJUR,DOKTER UMUM,LAKI-LAKI,43,ORANG,2022
888,32,JAWA BARAT,3203,KABUPATEN CIANJUR,DOKTER UMUM,PEREMPUAN,52,ORANG,2022
889,32,JAWA BARAT,3204,KABUPATEN BANDUNG,DOKTER GIGI,LAKI-LAKI,11,ORANG,2022
890,32,JAWA BARAT,3204,KABUPATEN BANDUNG,DOKTER GIGI,PEREMPUAN,61,ORANG,2022
891,32,JAWA BARAT,3204,KABUPATEN BANDUNG,DOKTER GIGI SPESIALIS,LAKI-LAKI,0,ORANG,2022
892,32,JAWA BARAT,3204,KABUPATEN BANDUNG,DOKTER GIGI SPESIALIS,PEREMPUAN,0,ORANG,2022
893,32,JAWA BARAT,3204,KABUPATEN BANDUNG,DOKTER SPESIALIS,LAKI-LAKI,0,ORANG,2022
894,32,JAWA BARAT,3204,KABUPATEN BANDUNG,DOKTER SPESIALIS,PEREMPUAN,0,ORANG,2022
895,32,JAWA BARAT,3204,KABUPATEN BANDUNG,DOKTER UMUM,LAKI-LAKI,69,ORANG,2022
896,32,JAWA BARAT,3204,KABUPATEN BANDUNG,DOKTER UMUM,PEREMPUAN,121,ORANG,2022
897,32,JAWA BARAT,3205,KABUPATEN GARUT,DOKTER GIGI,LAKI-LAKI,52,ORANG,2022
898,32,JAWA BARAT,3205,KABUPATEN GARUT,DOKTER GIGI,PEREMPUAN,96,ORANG,2022
899,32,JAWA BARAT,3205,KABUPATEN GARUT,DOKTER GIGI SPESIALIS,LAKI-LAKI,0,ORANG,2022
900,32,JAWA BARAT,3205,KABUPATEN GARUT,DOKTER GIGI SPESIALIS,PEREMPUAN,0,ORANG,2022
901,32,JAWA BARAT,3205,KABUPATEN GARUT,DOKTER SPESIALIS,LAKI-LAKI,0,ORANG,2022
902,32,JAWA BARAT,3205,KABUPATEN GARUT,DOKTER SPESIALIS,PEREMPUAN,0,ORANG,2022
903,32,JAWA BARAT,3205,KABUPATEN GARUT,DOKTER UMUM,LAKI-LAKI,52,ORANG,2022
904,32,JAWA BARAT,3205,KABUPATEN GARUT,DOKTER UMUM,PEREMPUAN,96,ORANG,2022
905,32,JAWA BARAT,3206,KABUPATEN TASIKMALAYA,DOKTER GIGI,LAKI-LAKI,9,ORANG,2022
906,32,JAWA BARAT,3206,KABUPATEN TASIKMALAYA,DOKTER GIGI,PEREMPUAN,18,ORANG,2022
907,32,JAWA BARAT,3206,KABUPATEN TASIKMALAYA,DOKTER GIGI SPESIALIS,LAKI-LAKI,0,ORANG,2022
908,32,JAWA BARAT,3206,KABUPATEN TASIKMALAYA,DOKTER GIGI SPESIALIS,PEREMPUAN,0,ORANG,2022
909,32,JAWA BARAT,3206,KABUPATEN TASIKMALAYA,DOKTER SPESIALIS,LAKI-LAKI,0,ORANG,2022
910,32,JAWA BARAT,3206,KABUPATEN TASIKMALAYA,DOKTER SPESIALIS,PEREMPUAN,0,ORANG,2022
911,32,JAWA BARAT,3206,KABUPATEN TASIKMALAYA,DOKTER UMUM,LAKI-LAKI,36,ORANG,2022
912,32,JAWA BARAT,3206,KABUPATEN TASIKMALAYA,DOKTER UMUM,PEREMPUAN,57,ORANG,2022
913,32,JAWA BARAT,3207,KABUPATEN CIAMIS,DOKTER GIGI,LAKI-LAKI,3,ORANG,2022
914,32,JAWA BARAT,3207,KABUPATEN CIAMIS,DOKTER GIGI,PEREMPUAN,14,ORANG,2022
915,32,JAWA BARAT,3207,KABUPATEN CIAMIS,DOKTER GIGI SPESIALIS,LAKI-LAKI,0,ORANG,2022
916,32,JAWA BARAT,3207,KABUPATEN CIAMIS,DOKTER GIGI SPESIALIS,PEREMPUAN,0,ORANG,2022
917,32,JAWA BARAT,3207,KABUPATEN CIAMIS,DOKTER SPESIALIS,LAKI-LAKI,0,ORANG,2022
918,32,JAWA BARAT,3207,KABUPATEN CIAMIS,DOKTER SPESIALIS,PEREMPUAN,0,ORANG,2022
919,32,JAWA BARAT,3207,KABUPATEN CIAMIS,DOKTER UMUM,LAKI-LAKI,30,ORANG,2022
920,32,JAWA BARAT,3207,KABUPATEN CIAMIS,DOKTER UMUM,PEREMPUAN,51,ORANG,2022
921,32,JAWA BARAT,3208,KABUPATEN KUNINGAN,DOKTER GIGI,LAKI-LAKI,8,ORANG,2022
922,32,JAWA BARAT,3208,KABUPATEN KUNINGAN,DOKTER GIGI,PEREMPUAN,16,ORANG,2022
923,32,JAWA BARAT,3208,KABUPATEN KUNINGAN,DOKTER GIGI SPESIALIS,LAKI-LAKI,0,ORANG,2022
924,32,JAWA BARAT,3208,KABUPATEN KUNINGAN,DOKTER GIGI SPESIALIS,PEREMPUAN,0,ORANG,2022
925,32,JAWA BARAT,3208,KABUPATEN KUNINGAN,DOKTER SPESIALIS,LAKI-LAKI,0,ORANG,2022
926,32,JAWA BARAT,3208,KABUPATEN KUNINGAN,DOKTER SPESIALIS,PEREMPUAN,0,ORANG,2022
927,32,JAWA BARAT,3208,KABUPATEN KUNINGAN,DOKTER UMUM,LAKI-LAKI,37,ORANG,2022
928,32,JAWA BARAT,3208,KABUPATEN KUNINGAN,DOKTER UMUM,PEREMPUAN,49,ORANG,2022
929,32,JAWA BARAT,3209,KABUPATEN CIREBON,DOKTER GIGI,LAKI-LAKI,12,ORANG,2022
930,32,JAWA BARAT,3209,KABUPATEN CIREBON,DOKTER GIGI,PEREMPUAN,43,ORANG,2022
931,32,JAWA BARAT,3209,KABUPATEN CIREBON,DOKTER GIGI SPESIALIS,LAKI-LAKI,0,ORANG,2022
932,32,JAWA BARAT,3209,KABUPATEN CIREBON,DOKTER GIGI SPESIALIS,PEREMPUAN,0,ORANG,2022
933,32,JAWA BARAT,3209,KABUPATEN CIREBON,DOKTER SPESIALIS,LAKI-LAKI,0,ORANG,2022
934,32,JAWA BARAT,3209,KABUPATEN CIREBON,DOKTER SPESIALIS,PEREMPUAN,0,ORANG,2022
935,32,JAWA BARAT,3209,KABUPATEN CIREBON,DOKTER UMUM,LAKI-LAKI,55,ORANG,2022
936,32,JAWA BARAT,3209,KABUPATEN CIREBON,DOKTER UMUM,PEREMPUAN,89,ORANG,2022
937,32,JAWA BARAT,3210,KABUPATEN MAJALENGKA,DOKTER GIGI,LAKI-LAKI,7,ORANG,2022
938,32,JAWA BARAT,3210,KABUPATEN MAJALENGKA,DOKTER GIGI,PEREMPUAN,17,ORANG,2022
939,32,JAWA BARAT,3210,KABUPATEN MAJALENGKA,DOKTER GIGI SPESIALIS,LAKI-LAKI,0,ORANG,2022
940,32,JAWA BARAT,3210,KABUPATEN MAJALENGKA,DOKTER GIGI SPESIALIS,PEREMPUAN,0,ORANG,2022
941,32,JAWA BARAT,3210,KABUPATEN MAJALENGKA,DOKTER SPESIALIS,LAKI-LAKI,0,ORANG,2022
942,32,JAWA BARAT,3210,KABUPATEN MAJALENGKA,DOKTER SPESIALIS,PEREMPUAN,0,ORANG,2022
943,32,JAWA BARAT,3210,KABUPATEN MAJALENGKA,DOKTER UMUM,LAKI-LAKI,29,ORANG,2022
944,32,JAWA BARAT,3210,KABUPATEN MAJALENGKA,DOKTER UMUM,PEREMPUAN,53,ORANG,2022
945,32,JAWA BARAT,3211,KABUPATEN SUMEDANG,DOKTER GIGI,LAKI-LAKI,7,ORANG,2022
946,32,JAWA BARAT,3211,KABUPATEN SUMEDANG,DOKTER GIGI,PEREMPUAN,19,ORANG,2022
947,32,JAWA BARAT,3211,KABUPATEN SUMEDANG,DOKTER GIGI SPESIALIS,LAKI-LAKI,0,ORANG,2022
948,32,JAWA BARAT,3211,KABUPATEN SUMEDANG,DOKTER GIGI SPESIALIS,PEREMPUAN,0,ORANG,2022
949,32,JAWA BARAT,3211,KABUPATEN SUMEDANG,DOKTER SPESIALIS,LAKI-LAKI,0,ORANG,2022
950,32,JAWA BARAT,3211,KABUPATEN SUMEDANG,DOKTER SPESIALIS,PEREMPUAN,0,ORANG,2022
951,32,JAWA BARAT,3211,KABUPATEN SUMEDANG,DOKTER UMUM,LAKI-LAKI,22,ORANG,2022
952,32,JAWA BARAT,3211,KABUPATEN SUMEDANG,DOKTER UMUM,PEREMPUAN,45,ORANG,2022
953,32,JAWA BARAT,3212,KABUPATEN INDRAMAYU,DOKTER GIGI,LAKI-LAKI,7,ORANG,2022
954,32,JAWA BARAT,3212,KABUPATEN INDRAMAYU,DOKTER GIGI,PEREMPUAN,29,ORANG,2022
955,32,JAWA BARAT,3212,KABUPATEN INDRAMAYU,DOKTER GIGI SPESIALIS,LAKI-LAKI,0,ORANG,2022
956,32,JAWA BARAT,3212,KABUPATEN INDRAMAYU,DOKTER GIGI SPESIALIS,PEREMPUAN,0,ORANG,2022
957,32,JAWA BARAT,3212,KABUPATEN INDRAMAYU,DOKTER SPESIALIS,LAKI-LAKI,0,ORANG,2022
958,32,JAWA BARAT,3212,KABUPATEN INDRAMAYU,DOKTER SPESIALIS,PEREMPUAN,0,ORANG,2022
959,32,JAWA BARAT,3212,KABUPATEN INDRAMAYU,DOKTER UMUM,LAKI-LAKI,36,ORANG,2022
960,32,JAWA BARAT,3212,KABUPATEN INDRAMAYU,DOKTER UMUM,PEREMPUAN,64,ORANG,2022
961,32,JAWA BARAT,3213,KABUPATEN SUBANG,DOKTER GIGI,LAKI-LAKI,2,ORANG,2022
962,32,JAWA BARAT,3213,KABUPATEN SUBANG,DOKTER GIGI,PEREMPUAN,23,ORANG,2022
963,32,JAWA BARAT,3213,KABUPATEN SUBANG,DOKTER GIGI SPESIALIS,LAKI-LAKI,0,ORANG,2022
964,32,JAWA BARAT,3213,KABUPATEN SUBANG,DOKTER GIGI SPESIALIS,PEREMPUAN,0,ORANG,2022
965,32,JAWA BARAT,3213,KABUPATEN SUBANG,DOKTER SPESIALIS,LAKI-LAKI,0,ORANG,2022
966,32,JAWA BARAT,3213,KABUPATEN SUBANG,DOKTER SPESIALIS,PEREMPUAN,0,ORANG,2022
967,32,JAWA BARAT,3213,KABUPATEN SUBANG,DOKTER UMUM,LAKI-LAKI,47,ORANG,2022
968,32,JAWA BARAT,3213,KABUPATEN SUBANG,DOKTER UMUM,PEREMPUAN,52,ORANG,2022
969,32,JAWA BARAT,3214,KABUPATEN PURWAKARTA,DOKTER GIGI,LAKI-LAKI,6,ORANG,2022
970,32,JAWA BARAT,3214,KABUPATEN PURWAKARTA,DOKTER GIGI,PEREMPUAN,17,ORANG,2022
971,32,JAWA BARAT,3214,KABUPATEN PURWAKARTA,DOKTER GIGI SPESIALIS,LAKI-LAKI,0,ORANG,2022
972,32,JAWA BARAT,3214,KABUPATEN PURWAKARTA,DOKTER GIGI SPESIALIS,PEREMPUAN,0,ORANG,2022
973,32,JAWA BARAT,3214,KABUPATEN PURWAKARTA,DOKTER SPESIALIS,LAKI-LAKI,0,ORANG,2022
974,32,JAWA BARAT,3214,KABUPATEN PURWAKARTA,DOKTER SPESIALIS,PEREMPUAN,0,ORANG,2022
975,32,JAWA BARAT,3214,KABUPATEN PURWAKARTA,DOKTER UMUM,LAKI-LAKI,29,ORANG,2022
976,32,JAWA BARAT,3214,KABUPATEN PURWAKARTA,DOKTER UMUM,PEREMPUAN,47,ORANG,2022
977,32,JAWA BARAT,3215,KABUPATEN KARAWANG,DOKTER GIGI,LAKI-LAKI,7,ORANG,2022
978,32,JAWA BARAT,3215,KABUPATEN KARAWANG,DOKTER GIGI,PEREMPUAN,28,ORANG,2022
979,32,JAWA BARAT,3215,KABUPATEN KARAWANG,DOKTER GIGI SPESIALIS,LAKI-LAKI,0,ORANG,2022
980,32,JAWA BARAT,3215,KABUPATEN KARAWANG,DOKTER GIGI SPESIALIS,PEREMPUAN,0,ORANG,2022
981,32,JAWA BARAT,3215,KABUPATEN KARAWANG,DOKTER SPESIALIS,LAKI-LAKI,0,ORANG,2022
982,32,JAWA BARAT,3215,KABUPATEN KARAWANG,DOKTER SPESIALIS,PEREMPUAN,0,ORANG,2022
983,32,JAWA BARAT,3215,KABUPATEN KARAWANG,DOKTER UMUM,LAKI-LAKI,69,ORANG,2022
984,32,JAWA BARAT,3215,KABUPATEN KARAWANG,DOKTER UMUM,PEREMPUAN,89,ORANG,2022
985,32,JAWA BARAT,3216,KABUPATEN BEKASI,DOKTER GIGI,LAKI-LAKI,4,ORANG,2022
986,32,JAWA BARAT,3216,KABUPATEN BEKASI,DOKTER GIGI,PEREMPUAN,41,ORANG,2022
987,32,JAWA BARAT,3216,KABUPATEN BEKASI,DOKTER GIGI SPESIALIS,LAKI-LAKI,0,ORANG,2022
988,32,JAWA BARAT,3216,KABUPATEN BEKASI,DOKTER GIGI SPESIALIS,PEREMPUAN,0,ORANG,2022
989,32,JAWA BARAT,3216,KABUPATEN BEKASI,DOKTER SPESIALIS,LAKI-LAKI,0,ORANG,2022
990,32,JAWA BARAT,3216,KABUPATEN BEKASI,DOKTER SPESIALIS,PEREMPUAN,0,ORANG,2022
991,32,JAWA BARAT,3216,KABUPATEN BEKASI,DOKTER UMUM,LAKI-LAKI,30,ORANG,2022
992,32,JAWA BARAT,3216,KABUPATEN BEKASI,DOKTER UMUM,PEREMPUAN,85,ORANG,2022
993,32,JAWA BARAT,3217,KABUPATEN BANDUNG BARAT,DOKTER GIGI,LAKI-LAKI,7,ORANG,2022
994,32,JAWA BARAT,3217,KABUPATEN BANDUNG BARAT,DOKTER GIGI,PEREMPUAN,32,ORANG,2022
995,32,JAWA BARAT,3217,KABUPATEN BANDUNG BARAT,DOKTER GIGI SPESIALIS,LAKI-LAKI,0,ORANG,2022
996,32,JAWA BARAT,3217,KABUPATEN BANDUNG BARAT,DOKTER GIGI SPESIALIS,PEREMPUAN,0,ORANG,2022
997,32,JAWA BARAT,3217,KABUPATEN BANDUNG BARAT,DOKTER SPESIALIS,LAKI-LAKI,0,ORANG,2022
998,32,JAWA BARAT,3217,KABUPATEN BANDUNG BARAT,DOKTER SPESIALIS,PEREMPUAN,0,ORANG,2022
999,32,JAWA BARAT,3217,KABUPATEN BANDUNG BARAT,DOKTER UMUM,LAKI-LAKI,35,ORANG,2022
1000,32,JAWA BARAT,3217,KABUPATEN BANDUNG BARAT,DOKTER UMUM,PEREMPUAN,60,ORANG,2022
1001,32,JAWA BARAT,3218,KABUPATEN PANGANDARAN,DOKTER GIGI,LAKI-LAKI,6,ORANG,2022
1002,32,JAWA BARAT,3218,KABUPATEN PANGANDARAN,DOKTER GIGI,PEREMPUAN,11,ORANG,2022
1003,32,JAWA BARAT,3218,KABUPATEN PANGANDARAN,DOKTER GIGI SPESIALIS,LAKI-LAKI,0,ORANG,2022
1004,32,JAWA BARAT,3218,KABUPATEN PANGANDARAN,DOKTER GIGI SPESIALIS,PEREMPUAN,0,ORANG,2022
1005,32,JAWA BARAT,3218,KABUPATEN PANGANDARAN,DOKTER SPESIALIS,LAKI-LAKI,0,ORANG,2022
1006,32,JAWA BARAT,3218,KABUPATEN PANGANDARAN,DOKTER SPESIALIS,PEREMPUAN,0,ORANG,2022
1007,32,JAWA BARAT,3218,KABUPATEN PANGANDARAN,DOKTER UMUM,LAKI-LAKI,24,ORANG,2022
1008,32,JAWA BARAT,3218,KABUPATEN PANGANDARAN,DOKTER UMUM,PEREMPUAN,27,ORANG,2022
1009,32,JAWA BARAT,3271,KOTA BOGOR,DOKTER GIGI,LAKI-LAKI,2,ORANG,2022
1010,32,JAWA BARAT,3271,KOTA BOGOR,DOKTER GIGI,PEREMPUAN,47,ORANG,2022
1011,32,JAWA BARAT,3271,KOTA BOGOR,DOKTER GIGI SPESIALIS,LAKI-LAKI,0,ORANG,2022
1012,32,JAWA BARAT,3271,KOTA BOGOR,DOKTER GIGI SPESIALIS,PEREMPUAN,0,ORANG,2022
1013,32,JAWA BARAT,3271,KOTA BOGOR,DOKTER SPESIALIS,LAKI-LAKI,0,ORANG,2022
1014,32,JAWA BARAT,3271,KOTA BOGOR,DOKTER SPESIALIS,PEREMPUAN,0,ORANG,2022
1015,32,JAWA BARAT,3271,KOTA BOGOR,DOKTER UMUM,LAKI-LAKI,12,ORANG,2022
1016,32,JAWA BARAT,3271,KOTA BOGOR,DOKTER UMUM,PEREMPUAN,109,ORANG,2022
1017,32,JAWA BARAT,3272,KOTA SUKABUMI,DOKTER GIGI,LAKI-LAKI,3,ORANG,2022
1018,32,JAWA BARAT,3272,KOTA SUKABUMI,DOKTER GIGI,PEREMPUAN,11,ORANG,2022
1019,32,JAWA BARAT,3272,KOTA SUKABUMI,DOKTER GIGI SPESIALIS,LAKI-LAKI,0,ORANG,2022
1020,32,JAWA BARAT,3272,KOTA SUKABUMI,DOKTER GIGI SPESIALIS,PEREMPUAN,0,ORANG,2022
1021,32,JAWA BARAT,3272,KOTA SUKABUMI,DOKTER SPESIALIS,LAKI-LAKI,0,ORANG,2022
1022,32,JAWA BARAT,3272,KOTA SUKABUMI,DOKTER SPESIALIS,PEREMPUAN,0,ORANG,2022
1023,32,JAWA BARAT,3272,KOTA SUKABUMI,DOKTER UMUM,LAKI-LAKI,11,ORANG,2022
1024,32,JAWA BARAT,3272,KOTA SUKABUMI,DOKTER UMUM,PEREMPUAN,26,ORANG,2022
1025,32,JAWA BARAT,3273,KOTA BANDUNG,DOKTER GIGI,LAKI-LAKI,12,ORANG,2022
1026,32,JAWA BARAT,3273,KOTA BANDUNG,DOKTER GIGI,PEREMPUAN,48,ORANG,2022
1027,32,JAWA BARAT,3273,KOTA BANDUNG,DOKTER GIGI SPESIALIS,LAKI-LAKI,0,ORANG,2022
1028,32,JAWA BARAT,3273,KOTA BANDUNG,DOKTER GIGI SPESIALIS,PEREMPUAN,0,ORANG,2022
1029,32,JAWA BARAT,3273,KOTA BANDUNG,DOKTER SPESIALIS,LAKI-LAKI,0,ORANG,2022
1030,32,JAWA BARAT,3273,KOTA BANDUNG,DOKTER SPESIALIS,PEREMPUAN,0,ORANG,2022
1031,32,JAWA BARAT,3273,KOTA BANDUNG,DOKTER UMUM,LAKI-LAKI,42,ORANG,2022
1032,32,JAWA BARAT,3273,KOTA BANDUNG,DOKTER UMUM,PEREMPUAN,184,ORANG,2022
1033,32,JAWA BARAT,3274,KOTA CIREBON,DOKTER GIGI,LAKI-LAKI,4,ORANG,2022
1034,32,JAWA BARAT,3274,KOTA CIREBON,DOKTER GIGI,PEREMPUAN,18,ORANG,2022
1035,32,JAWA BARAT,3274,KOTA CIREBON,DOKTER GIGI SPESIALIS,LAKI-LAKI,0,ORANG,2022
1036,32,JAWA BARAT,3274,KOTA CIREBON,DOKTER GIGI SPESIALIS,PEREMPUAN,0,ORANG,2022
1037,32,JAWA BARAT,3274,KOTA CIREBON,DOKTER SPESIALIS,LAKI-LAKI,0,ORANG,2022
1038,32,JAWA BARAT,3274,KOTA CIREBON,DOKTER SPESIALIS,PEREMPUAN,0,ORANG,2022
1039,32,JAWA BARAT,3274,KOTA CIREBON,DOKTER UMUM,LAKI-LAKI,17,ORANG,2022
1040,32,JAWA BARAT,3274,KOTA CIREBON,DOKTER UMUM,PEREMPUAN,60,ORANG,2022
1041,32,JAWA BARAT,3275,KOTA BEKASI,DOKTER GIGI,LAKI-LAKI,0,ORANG,2022
1042,32,JAWA BARAT,3275,KOTA BEKASI,DOKTER GIGI,PEREMPUAN,81,ORANG,2022
1043,32,JAWA BARAT,3275,KOTA BEKASI,DOKTER GIGI SPESIALIS,LAKI-LAKI,0,ORANG,2022
1044,32,JAWA BARAT,3275,KOTA BEKASI,DOKTER GIGI SPESIALIS,PEREMPUAN,0,ORANG,2022
1045,32,JAWA BARAT,3275,KOTA BEKASI,DOKTER SPESIALIS,LAKI-LAKI,0,ORANG,2022
1046,32,JAWA BARAT,3275,KOTA BEKASI,DOKTER SPESIALIS,PEREMPUAN,0,ORANG,2022
1047,32,JAWA BARAT,3275,KOTA BEKASI,DOKTER UMUM,LAKI-LAKI,10,ORANG,2022
1048,32,JAWA BARAT,3275,KOTA BEKASI,DOKTER UMUM,PEREMPUAN,84,ORANG,2022
1049,32,JAWA BARAT,3276,KOTA DEPOK,DOKTER GIGI,LAKI-LAKI,1,ORANG,2022
1050,32,JAWA BARAT,3276,KOTA DEPOK,DOKTER GIGI,PEREMPUAN,49,ORANG,2022
1051,32,JAWA BARAT,3276,KOTA DEPOK,DOKTER GIGI SPESIALIS,LAKI-LAKI,0,ORANG,2022
1052,32,JAWA BARAT,3276,KOTA DEPOK,DOKTER GIGI SPESIALIS,PEREMPUAN,0,ORANG,2022
1053,32,JAWA BARAT,3276,KOTA DEPOK,DOKTER SPESIALIS,LAKI-LAKI,0,ORANG,2022
1054,32,JAWA BARAT,3276,KOTA DEPOK,DOKTER SPESIALIS,PEREMPUAN,0,ORANG,2022
1055,32,JAWA BARAT,3276,KOTA DEPOK,DOKTER UMUM,LAKI-LAKI,30,ORANG,2022
1056,32,JAWA BARAT,3276,KOTA DEPOK,DOKTER UMUM,PEREMPUAN,148,ORANG,2022
1057,32,JAWA BARAT,3277,KOTA CIMAHI,DOKTER GIGI,LAKI-LAKI,0,ORANG,2022
1058,32,JAWA BARAT,3277,KOTA CIMAHI,DOKTER GIGI,PEREMPUAN,17,ORANG,2022
1059,32,JAWA BARAT,3277,KOTA CIMAHI,DOKTER GIGI SPESIALIS,LAKI-LAKI,0,ORANG,2022
1060,32,JAWA BARAT,3277,KOTA CIMAHI,DOKTER GIGI SPESIALIS,PEREMPUAN,0,ORANG,2022
1061,32,JAWA BARAT,3277,KOTA CIMAHI,DOKTER SPESIALIS,LAKI-LAKI,0,ORANG,2022
1062,32,JAWA BARAT,3277,KOTA CIMAHI,DOKTER SPESIALIS,PEREMPUAN,0,ORANG,2022
1063,32,JAWA BARAT,3277,KOTA CIMAHI,DOKTER UMUM,LAKI-LAKI,5,ORANG,2022
1064,32,JAWA BARAT,3277,KOTA CIMAHI,DOKTER UMUM,PEREMPUAN,41,ORANG,2022
1065,32,JAWA BARAT,3278,KOTA TASIKMALAYA,DOKTER GIGI,LAKI-LAKI,2,ORANG,2022
1066,32,JAWA BARAT,3278,KOTA TASIKMALAYA,DOKTER GIGI,PEREMPUAN,9,ORANG,2022
1067,32,JAWA BARAT,3278,KOTA TASIKMALAYA,DOKTER GIGI SPESIALIS,LAKI-LAKI,0,ORANG,2022
1068,32,JAWA BARAT,3278,KOTA TASIKMALAYA,DOKTER GIGI SPESIALIS,PEREMPUAN,0,ORANG,2022
1069,32,JAWA BARAT,3278,KOTA TASIKMALAYA,DOKTER SPESIALIS,LAKI-LAKI,0,ORANG,2022
1070,32,JAWA BARAT,3278,KOTA TASIKMALAYA,DOKTER SPESIALIS,PEREMPUAN,0,ORANG,2022
1071,32,JAWA BARAT,3278,KOTA TASIKMALAYA,DOKTER UMUM,LAKI-LAKI,16,ORANG,2022
1072,32,JAWA BARAT,3278,KOTA TASIKMALAYA,DOKTER UMUM,PEREMPUAN,44,ORANG,2022
1073,32,JAWA BARAT,3279,KOTA BANJAR,DOKTER GIGI,LAKI-LAKI,2,ORANG,2022
1074,32,JAWA BARAT,3279,KOTA BANJAR,DOKTER GIGI,PEREMPUAN,6,ORANG,2022
1075,32,JAWA BARAT,3279,KOTA BANJAR,DOKTER GIGI SPESIALIS,LAKI-LAKI,0,ORANG,2022
1076,32,JAWA BARAT,3279,KOTA BANJAR,DOKTER GIGI SPESIALIS,PEREMPUAN,0,ORANG,2022
1077,32,JAWA BARAT,3279,KOTA BANJAR,DOKTER SPESIALIS,LAKI-LAKI,0,ORANG,2022
1078,32,JAWA BARAT,3279,KOTA BANJAR,DOKTER SPESIALIS,PEREMPUAN,0,ORANG,2022
1079,32,JAWA BARAT,3279,KOTA BANJAR,DOKTER UMUM,LAKI-LAKI,8,ORANG,2022
1080,32,JAWA BARAT,3279,KOTA BANJAR,DOKTER UMUM,PEREMPUAN,17,ORANG,2022
